#
# There is insufficient memory for the Java Runtime Environment to continue.
# Native memory allocation (malloc) failed to allocate 32744 bytes. Error detail: ChunkPool::allocate
# Possible reasons:
#   The system is out of physical RAM or swap space
#   This process is running with CompressedOops enabled, and the Java Heap may be blocking the growth of the native heap
# Possible solutions:
#   Reduce memory load on the system
#   Increase physical memory or swap space
#   Check if swap backing store is full
#   Decrease Java heap size (-Xmx/-Xms)
#   Decrease number of Java threads
#   Decrease Java thread stack sizes (-Xss)
#   Set larger code cache with -XX:ReservedCodeCacheSize=
#   JVM is running with Unscaled Compressed Oops mode in which the Java heap is
#     placed in the first 4GB address space. The Java Heap base address is the
#     maximum limit for the native heap growth. Please use -XX:HeapBaseMinAddress
#     to set the Java Heap base and to place the Java Heap above 4GB virtual address.
# This output file may be truncated or incomplete.
#
#  Out of Memory Error (arena.cpp:79), pid=2916, tid=24488
#
# JRE version: OpenJDK Runtime Environment Microsoft-13106358 (17.0.18+8) (build 17.0.18+8-LTS)
# Java VM: OpenJDK 64-Bit Server VM Microsoft-13106358 (17.0.18+8-LTS, mixed mode, sharing, tiered, compressed oops, compressed class ptrs, g1 gc, windows-amd64)
# No core dump will be written. Minidumps are not enabled by default on client versions of Windows
#

---------------  S U M M A R Y ------------

Command Line: --add-opens=java.base/java.util=ALL-UNNAMED --add-opens=java.base/java.lang=ALL-UNNAMED --add-opens=java.base/java.lang.invoke=ALL-UNNAMED --add-opens=java.prefs/java.util.prefs=ALL-UNNAMED --add-opens=java.base/java.nio.charset=ALL-UNNAMED --add-opens=java.base/java.net=ALL-UNNAMED --add-opens=java.base/java.util.concurrent.atomic=ALL-UNNAMED -Xmx2048m -Dfile.encoding=UTF-8 -Duser.country=TR -Duser.language=tr -Duser.variant -javaagent:D:\gradle_cache\wrapper\dists\gradle-8.4-bin\1w5dpkrfk8irigvoxmyhowfim\gradle-8.4\lib\agents\gradle-instrumentation-agent-8.4.jar org.gradle.launcher.daemon.bootstrap.GradleDaemon 8.4

Host: Intel(R) Core(TM) i5-10200H CPU @ 2.40GHz, 8 cores, 15G,  Windows 11 , 64 bit Build 26100 (10.0.26100.8875)
Time: Fri Aug 14 15:25:15 2026 Türkiye Standart Saati elapsed time: 2.565031 seconds (0d 0h 0m 2s)

---------------  T H R E A D  ---------------

Current thread (0x000001e46a4d3910):  JavaThread "Daemon worker" [_thread_in_vm, id=24488, stack(0x0000004af7800000,0x0000004af7900000)]

Stack: [0x0000004af7800000,0x0000004af7900000]
Native frames: (J=compiled Java code, j=interpreted, Vv=VM code, C=native code)
V  [jvm.dll+0x68c879]  (no source info available)
V  [jvm.dll+0x845979]  (no source info available)
V  [jvm.dll+0x8476e8]  (no source info available)
V  [jvm.dll+0x847d73]  (no source info available)
V  [jvm.dll+0x24cf6f]  (no source info available)
V  [jvm.dll+0xaeebe]  (no source info available)
V  [jvm.dll+0xaf35c]  (no source info available)
V  [jvm.dll+0x39cb73]  (no source info available)
V  [jvm.dll+0x3a0f8e]  (no source info available)
V  [jvm.dll+0x39d8f3]  (no source info available)
V  [jvm.dll+0x39d27e]  (no source info available)
V  [jvm.dll+0x42547a]  (no source info available)
C  [java.dll+0x7316]  (no source info available)

Java frames: (J=compiled Java code, j=interpreted, Vv=VM code)
J 659  java.lang.Throwable.fillInStackTrace(I)Ljava/lang/Throwable; java.base@17.0.18 (0 bytes) @ 0x000001e455ea4403 [0x000001e455ea43c0+0x0000000000000043]
J 714 c1 java.lang.Throwable.fillInStackTrace()Ljava/lang/Throwable; java.base@17.0.18 (29 bytes) @ 0x000001e44e4abce4 [0x000001e44e4abbc0+0x0000000000000124]
J 717 c1 java.lang.Throwable.<init>(Ljava/lang/String;Ljava/lang/Throwable;)V java.base@17.0.18 (39 bytes) @ 0x000001e44e4acacc [0x000001e44e4ac8e0+0x00000000000001ec]
J 725 c1 java.lang.ClassNotFoundException.<init>(Ljava/lang/String;)V java.base@17.0.18 (7 bytes) @ 0x000001e44e4b1cbc [0x000001e44e4b1bc0+0x00000000000000fc]
J 718 c1 java.net.URLClassLoader.findClass(Ljava/lang/String;)Ljava/lang/Class; java.base@17.0.18 (47 bytes) @ 0x000001e44e4ad364 [0x000001e44e4ad000+0x0000000000000364]
J 683 c1 java.lang.ClassLoader.loadClass(Ljava/lang/String;Z)Ljava/lang/Class; java.base@17.0.18 (121 bytes) @ 0x000001e44e49f1cc [0x000001e44e49ec40+0x000000000000058c]
J 683 c1 java.lang.ClassLoader.loadClass(Ljava/lang/String;Z)Ljava/lang/Class; java.base@17.0.18 (121 bytes) @ 0x000001e44e49efac [0x000001e44e49ec40+0x000000000000036c]
J 691 c1 java.lang.ClassLoader.loadClass(Ljava/lang/String;)Ljava/lang/Class; java.base@17.0.18 (7 bytes) @ 0x000001e44e4a214c [0x000001e44e4a2040+0x000000000000010c]
v  ~StubRoutines::call_stub
j  org.gradle.api.internal.artifacts.DependencyServices.registerBuildTreeServices(Lorg/gradle/internal/service/ServiceRegistration;)V+1
j  org.gradle.internal.buildtree.BuildTreeScopeServices.configure(Lorg/gradle/internal/service/ServiceRegistration;Ljava/util/List;)V+30
v  ~StubRoutines::call_stub
J 2236  jdk.internal.reflect.NativeMethodAccessorImpl.invoke0(Ljava/lang/reflect/Method;Ljava/lang/Object;[Ljava/lang/Object;)Ljava/lang/Object; java.base@17.0.18 (0 bytes) @ 0x000001e455f8a5c7 [0x000001e455f8a540+0x0000000000000087]
j  jdk.internal.reflect.NativeMethodAccessorImpl.invoke(Ljava/lang/Object;[Ljava/lang/Object;)Ljava/lang/Object;+133 java.base@17.0.18
J 1819 c1 jdk.internal.reflect.DelegatingMethodAccessorImpl.invoke(Ljava/lang/Object;[Ljava/lang/Object;)Ljava/lang/Object; java.base@17.0.18 (10 bytes) @ 0x000001e44e6f65c4 [0x000001e44e6f64c0+0x0000000000000104]
J 1818 c1 java.lang.reflect.Method.invoke(Ljava/lang/Object;[Ljava/lang/Object;)Ljava/lang/Object; java.base@17.0.18 (65 bytes) @ 0x000001e44e6f6024 [0x000001e44e6f5d00+0x0000000000000324]
j  org.gradle.internal.reflect.JavaMethod.invoke(Ljava/lang/Object;[Ljava/lang/Object;)Ljava/lang/Object;+6
j  org.gradle.internal.service.ReflectionBasedServiceMethod.invoke(Ljava/lang/Object;[Ljava/lang/Object;)Ljava/lang/Object;+6
j  org.gradle.internal.service.DefaultServiceRegistry.applyConfigureMethod(Lorg/gradle/internal/service/ServiceMethod;Ljava/lang/Object;)V+140
j  org.gradle.internal.service.DefaultServiceRegistry.findProviderMethods(Ljava/lang/Object;)V+196
j  org.gradle.internal.service.DefaultServiceRegistry.addProvider(Ljava/lang/Object;)Lorg/gradle/internal/service/DefaultServiceRegistry;+6
j  org.gradle.internal.service.ServiceRegistryBuilder.build()Lorg/gradle/internal/service/ServiceRegistry;+56
j  org.gradle.internal.buildtree.BuildTreeState.<init>(Lorg/gradle/internal/service/ServiceRegistry;Lorg/gradle/internal/buildtree/BuildTreeModelControllerServices$Supplier;)V+29
j  org.gradle.launcher.exec.BuildTreeLifecycleBuildActionExecutor.execute(Lorg/gradle/internal/invocation/BuildAction;Lorg/gradle/internal/session/BuildSessionContext;)Lorg/gradle/internal/buildtree/BuildActionRunner$Result;+168
j  org.gradle.launcher.exec.RunAsBuildOperationBuildActionExecutor$3.call(Lorg/gradle/internal/operations/BuildOperationContext;)Lorg/gradle/internal/buildtree/BuildActionRunner$Result;+25
j  org.gradle.launcher.exec.RunAsBuildOperationBuildActionExecutor$3.call(Lorg/gradle/internal/operations/BuildOperationContext;)Ljava/lang/Object;+2
j  org.gradle.internal.operations.DefaultBuildOperationRunner$CallableBuildOperationWorker.execute(Lorg/gradle/internal/operations/CallableBuildOperation;Lorg/gradle/internal/operations/BuildOperationContext;)V+3
j  org.gradle.internal.operations.DefaultBuildOperationRunner$CallableBuildOperationWorker.execute(Lorg/gradle/internal/operations/BuildOperation;Lorg/gradle/internal/operations/BuildOperationContext;)V+6
j  org.gradle.internal.operations.DefaultBuildOperationRunner$2.execute(Lorg/gradle/internal/operations/BuildOperationDescriptor;Lorg/gradle/internal/operations/BuildOperationState;Lorg/gradle/internal/operations/BuildOperationState;Lorg/gradle/internal/operations/DefaultBuildOperationRunner$ReadableBuildOperationContext;Lorg/gradle/internal/operations/DefaultBuildOperationRunner$BuildOperationExecutionListener;)Lorg/gradle/internal/operations/BuildOperation;+22
j  org.gradle.internal.operations.DefaultBuildOperationRunner$2.execute(Lorg/gradle/internal/operations/BuildOperationDescriptor;Lorg/gradle/internal/operations/BuildOperationState;Lorg/gradle/internal/operations/BuildOperationState;Lorg/gradle/internal/operations/DefaultBuildOperationRunner$ReadableBuildOperationContext;Lorg/gradle/internal/operations/DefaultBuildOperationRunner$BuildOperationExecutionListener;)Ljava/lang/Object;+8
j  org.gradle.internal.operations.DefaultBuildOperationRunner.execute(Lorg/gradle/internal/operations/BuildOperationDescriptor$Builder;Lorg/gradle/internal/operations/BuildOperationState;Lorg/gradle/internal/operations/DefaultBuildOperationRunner$BuildOperationExecution;)Ljava/lang/Object;+141
j  org.gradle.internal.operations.DefaultBuildOperationRunner.execute(Lorg/gradle/internal/operations/BuildOperation;Lorg/gradle/internal/operations/BuildOperationWorker;Lorg/gradle/internal/operations/BuildOperationState;)V+18
j  org.gradle.internal.operations.DefaultBuildOperationRunner.call(Lorg/gradle/internal/operations/CallableBuildOperation;)Ljava/lang/Object;+16
j  org.gradle.internal.operations.DefaultBuildOperationExecutor.call(Lorg/gradle/internal/operations/CallableBuildOperation;)Ljava/lang/Object;+5
j  org.gradle.launcher.exec.RunAsBuildOperationBuildActionExecutor.execute(Lorg/gradle/internal/invocation/BuildAction;Lorg/gradle/internal/session/BuildSessionContext;)Lorg/gradle/internal/buildtree/BuildActionRunner$Result;+23
j  org.gradle.launcher.exec.RunAsWorkerThreadBuildActionExecutor.lambda$execute$0(Lorg/gradle/internal/invocation/BuildAction;Lorg/gradle/internal/session/BuildSessionContext;)Lorg/gradle/internal/buildtree/BuildActionRunner$Result;+6
j  org.gradle.launcher.exec.RunAsWorkerThreadBuildActionExecutor$$Lambda$183+0x000001e40121fc70.create()Ljava/lang/Object;+12
j  org.gradle.internal.work.DefaultWorkerLeaseService.withLocks(Ljava/util/Collection;Lorg/gradle/internal/Factory;)Ljava/lang/Object;+28
j  org.gradle.internal.work.DefaultWorkerLeaseService.runAsWorkerThread(Lorg/gradle/internal/Factory;)Ljava/lang/Object;+33
j  org.gradle.launcher.exec.RunAsWorkerThreadBuildActionExecutor.execute(Lorg/gradle/internal/invocation/BuildAction;Lorg/gradle/internal/session/BuildSessionContext;)Lorg/gradle/internal/buildtree/BuildActionRunner$Result;+12
j  org.gradle.tooling.internal.provider.continuous.ContinuousBuildActionExecutor.execute(Lorg/gradle/internal/invocation/BuildAction;Lorg/gradle/internal/session/BuildSessionContext;)Lorg/gradle/internal/buildtree/BuildActionRunner$Result;+58
j  org.gradle.tooling.internal.provider.SubscribableBuildActionExecutor.execute(Lorg/gradle/internal/invocation/BuildAction;Lorg/gradle/internal/session/BuildSessionContext;)Lorg/gradle/internal/buildtree/BuildActionRunner$Result;+30
j  org.gradle.internal.session.DefaultBuildSessionContext.execute(Lorg/gradle/internal/invocation/BuildAction;)Lorg/gradle/internal/buildtree/BuildActionRunner$Result;+64
j  org.gradle.tooling.internal.provider.BuildSessionLifecycleBuildActionExecuter$ActionImpl.apply(Lorg/gradle/internal/session/BuildSessionContext;)Lorg/gradle/launcher/exec/BuildActionResult;+6
j  org.gradle.tooling.internal.provider.BuildSessionLifecycleBuildActionExecuter$ActionImpl.apply(Ljava/lang/Object;)Ljava/lang/Object;+5
j  org.gradle.internal.session.BuildSessionState.run(Ljava/util/function/Function;)Ljava/lang/Object;+5
j  org.gradle.tooling.internal.provider.BuildSessionLifecycleBuildActionExecuter.execute(Lorg/gradle/internal/invocation/BuildAction;Lorg/gradle/launcher/exec/BuildActionParameters;Lorg/gradle/initialization/BuildRequestContext;)Lorg/gradle/launcher/exec/BuildActionResult;+95
j  org.gradle.tooling.internal.provider.BuildSessionLifecycleBuildActionExecuter.execute(Lorg/gradle/internal/invocation/BuildAction;Ljava/lang/Object;Ljava/lang/Object;)Lorg/gradle/launcher/exec/BuildActionResult;+10
j  org.gradle.tooling.internal.provider.StartParamsValidatingActionExecuter.execute(Lorg/gradle/internal/invocation/BuildAction;Lorg/gradle/launcher/exec/BuildActionParameters;Lorg/gradle/initialization/BuildRequestContext;)Lorg/gradle/launcher/exec/BuildActionResult;+203
j  org.gradle.tooling.internal.provider.StartParamsValidatingActionExecuter.execute(Lorg/gradle/internal/invocation/BuildAction;Ljava/lang/Object;Ljava/lang/Object;)Lorg/gradle/launcher/exec/BuildActionResult;+10
j  org.gradle.tooling.internal.provider.SessionFailureReportingActionExecuter.execute(Lorg/gradle/internal/invocation/BuildAction;Lorg/gradle/launcher/exec/BuildActionParameters;Lorg/gradle/initialization/BuildRequestContext;)Lorg/gradle/launcher/exec/BuildActionResult;+7
j  org.gradle.tooling.internal.provider.SessionFailureReportingActionExecuter.execute(Lorg/gradle/internal/invocation/BuildAction;Ljava/lang/Object;Ljava/lang/Object;)Lorg/gradle/launcher/exec/BuildActionResult;+10
j  org.gradle.tooling.internal.provider.SetupLoggingActionExecuter.execute(Lorg/gradle/internal/invocation/BuildAction;Lorg/gradle/launcher/exec/BuildActionParameters;Lorg/gradle/initialization/BuildRequestContext;)Lorg/gradle/launcher/exec/BuildActionResult;+50
j  org.gradle.tooling.internal.provider.SetupLoggingActionExecuter.execute(Lorg/gradle/internal/invocation/BuildAction;Ljava/lang/Object;Ljava/lang/Object;)Lorg/gradle/launcher/exec/BuildActionResult;+10
j  org.gradle.launcher.daemon.server.exec.ExecuteBuild.doBuild(Lorg/gradle/launcher/daemon/server/api/DaemonCommandExecution;Lorg/gradle/launcher/daemon/protocol/Build;)V+117
j  org.gradle.launcher.daemon.server.exec.BuildCommandOnly.execute(Lorg/gradle/launcher/daemon/server/api/DaemonCommandExecution;)V+49
j  org.gradle.launcher.daemon.server.api.DaemonCommandExecution.proceed()Z+23
j  org.gradle.launcher.daemon.server.exec.WatchForDisconnection.execute(Lorg/gradle/launcher/daemon/server/api/DaemonCommandExecution;)V+19
j  org.gradle.launcher.daemon.server.api.DaemonCommandExecution.proceed()Z+23
j  org.gradle.launcher.daemon.server.exec.ResetDeprecationLogger.execute(Lorg/gradle/launcher/daemon/server/api/DaemonCommandExecution;)V+7
j  org.gradle.launcher.daemon.server.api.DaemonCommandExecution.proceed()Z+23
j  org.gradle.launcher.daemon.server.exec.RequestStopIfSingleUsedDaemon.execute(Lorg/gradle/launcher/daemon/server/api/DaemonCommandExecution;)V+33
j  org.gradle.launcher.daemon.server.api.DaemonCommandExecution.proceed()Z+23
j  org.gradle.launcher.daemon.server.exec.ForwardClientInput$2.create()Ljava/lang/Void;+4
j  org.gradle.launcher.daemon.server.exec.ForwardClientInput$2.create()Ljava/lang/Object;+1
j  org.gradle.util.internal.Swapper.swap(Ljava/lang/Object;Lorg/gradle/internal/Factory;)Ljava/lang/Object;+21
j  org.gradle.launcher.daemon.server.exec.ForwardClientInput.execute(Lorg/gradle/launcher/daemon/server/api/DaemonCommandExecution;)V+63
j  org.gradle.launcher.daemon.server.api.DaemonCommandExecution.proceed()Z+23
j  org.gradle.launcher.daemon.server.exec.LogAndCheckHealth.execute(Lorg/gradle/launcher/daemon/server/api/DaemonCommandExecution;)V+51
j  org.gradle.launcher.daemon.server.api.DaemonCommandExecution.proceed()Z+23
j  org.gradle.launcher.daemon.server.exec.LogToClient.doBuild(Lorg/gradle/launcher/daemon/server/api/DaemonCommandExecution;Lorg/gradle/launcher/daemon/protocol/Build;)V+87
j  org.gradle.launcher.daemon.server.exec.BuildCommandOnly.execute(Lorg/gradle/launcher/daemon/server/api/DaemonCommandExecution;)V+49
j  org.gradle.launcher.daemon.server.api.DaemonCommandExecution.proceed()Z+23
j  org.gradle.launcher.daemon.server.exec.EstablishBuildEnvironment.doBuild(Lorg/gradle/launcher/daemon/server/api/DaemonCommandExecution;Lorg/gradle/launcher/daemon/protocol/Build;)V+356
j  org.gradle.launcher.daemon.server.exec.BuildCommandOnly.execute(Lorg/gradle/launcher/daemon/server/api/DaemonCommandExecution;)V+49
j  org.gradle.launcher.daemon.server.api.DaemonCommandExecution.proceed()Z+23
j  org.gradle.launcher.daemon.server.exec.StartBuildOrRespondWithBusy$1.run()V+44
j  org.gradle.launcher.daemon.server.DaemonStateCoordinator$1.run()V+4
j  org.gradle.internal.concurrent.ExecutorPolicy$CatchAndRecordFailures.onExecute(Ljava/lang/Runnable;)V+1
j  org.gradle.internal.concurrent.AbstractManagedExecutor$1.run()V+25
j  java.util.concurrent.ThreadPoolExecutor.runWorker(Ljava/util/concurrent/ThreadPoolExecutor$Worker;)V+92 java.base@17.0.18
j  java.util.concurrent.ThreadPoolExecutor$Worker.run()V+5 java.base@17.0.18
j  java.lang.Thread.run()V+11 java.base@17.0.18
v  ~StubRoutines::call_stub

Compiled method (n/a) 2588  659     n 0       java.lang.Throwable::fillInStackTrace (native)
 total in heap  [0x000001e455ea4210,0x000001e455ea4688] = 1144
 relocation     [0x000001e455ea4370,0x000001e455ea43a8] = 56
 main code      [0x000001e455ea43c0,0x000001e455ea4688] = 712

[Constant Pool (empty)]

[MachCode]
[Entry Point]
  # {method} {0x000001e4000221b8} 'fillInStackTrace' '(I)Ljava/lang/Throwable;' in 'java/lang/Throwable'
  # this:     rdx:rdx   = 'java/lang/Throwable'
  # parm0:    r8        = int
  #           [sp+0x70]  (sp of caller)
  0x000001e455ea43c0: 448b 5208 | 49bb 0000 | 0000 e401 | 0000 4d03 | d349 3bc2 | 0f84 0600 

  0x000001e455ea43d8: ;   {runtime_call ic_miss_stub}
  0x000001e455ea43d8: 0000 e9a1 | cca6 ff90 
[Verified Entry Point]
  0x000001e455ea43e0: 8984 2400 | 90ff ff55 | 488b ec48 | 83ec 6048 | 8954 2420 | 4883 fa00 | 488d 5424 | 2048 0f44 
  0x000001e455ea4400: 5424 20c5 

  0x000001e455ea4404: ;   {internal_word}
  0x000001e455ea4404: f877 49ba | 0344 ea55 | e401 0000 | 4d89 97a8 | 0200 0049 | 89a7 a002 

  0x000001e455ea441c: ;   {external_word}
  0x000001e455ea441c: 0000 49ba | dba8 6779 | fb7f 0000 | 4180 3a00 | 0f84 4e00 | 0000 5241 

  0x000001e455ea4434: ;   {metadata({method} {0x000001e4000221b8} 'fillInStackTrace' '(I)Ljava/lang/Throwable;' in 'java/lang/Throwable')}
  0x000001e455ea4434: 5048 bab0 | 2102 00e4 | 0100 0049 | 8bcf 4883 | ec20 f7c4 | 0f00 0000 | 0f84 1a00 | 0000 4883 
  0x000001e455ea4454: ;   {runtime_call}
  0x000001e455ea4454: ec08 49ba | d055 1d79 | fb7f 0000 | 41ff d248 | 83c4 08e9 | 0d00 0000 

  0x000001e455ea446c: ;   {runtime_call}
  0x000001e455ea446c: 49ba d055 | 1d79 fb7f | 0000 41ff | d248 83c4 | 2041 585a | 498d 8fc0 | 0200 0041 | c787 4803 
  0x000001e455ea448c: 0000 0400 

  0x000001e455ea4490: ;   {runtime_call}
  0x000001e455ea4490: 0000 49ba | 0873 21f5 | fb7f 0000 | 41ff d2c5 | f877 41c7 | 8748 0300 | 0005 0000 | 00f0 8344 
  0x000001e455ea44b0: 24c0 0049 | 3baf 5003 | 0000 0f87 | 1100 0000 | 4181 bf38 | 0300 0000 | 0000 000f | 842c 0000 
  0x000001e455ea44d0: 00c5 f877 | 4889 45f8 | 498b cf4c | 8be4 4883 | ec20 4883 

  0x000001e455ea44e4: ;   {runtime_call}
  0x000001e455ea44e4: e4f0 49ba | 7063 2d79 | fb7f 0000 | 41ff d249 | 8be4 4d33 | e448 8b45 | f841 c787 | 4803 0000 
  0x000001e455ea4504: 0800 0000 | 4181 bfb8 | 0300 0002 | 0000 000f | 843f 0100 

  0x000001e455ea4518: ;   {external_word}
  0x000001e455ea4518: 0049 badb | a867 79fb | 7f00 0041 | 803a 000f | 8450 0000 | 0048 8945 

  0x000001e455ea4530: ;   {metadata({method} {0x000001e4000221b8} 'fillInStackTrace' '(I)Ljava/lang/Throwable;' in 'java/lang/Throwable')}
  0x000001e455ea4530: f848 bab0 | 2102 00e4 | 0100 0049 | 8bcf 4883 | ec20 f7c4 | 0f00 0000 | 0f84 1a00 | 0000 4883 
  0x000001e455ea4550: ;   {runtime_call}
  0x000001e455ea4550: ec08 49ba | d055 1d79 | fb7f 0000 | 41ff d248 | 83c4 08e9 | 0d00 0000 

  0x000001e455ea4568: ;   {runtime_call}
  0x000001e455ea4568: 49ba d055 | 1d79 fb7f | 0000 41ff | d248 83c4 | 2048 8b45 | f849 c787 | a002 0000 | 0000 0000 
  0x000001e455ea4588: 49c7 87a8 | 0200 0000 | 0000 00c5 | f877 4885 | c00f 8493 | 0000 0048 | f7c0 0100 | 0000 0f84 
  0x000001e455ea45a8: 8300 0000 | 488b 40ff | 4180 7f38 | 000f 846f | 0000 0048 | 83f8 000f | 8465 0000 | 0049 8b4f 
  0x000001e455ea45c8: 2048 83f9 | 000f 8414 | 0000 0048 | 83e9 0849 | 894f 2049 | 034f 3048 | 8901 e943 | 0000 0050 
  0x000001e455ea45e8: 498b d748 | 8bc8 4883 | ec20 f7c4 | 0f00 0000 | 0f84 1a00 | 0000 4883 

  0x000001e455ea4600: ;   {runtime_call}
  0x000001e455ea4600: ec08 49ba | c0cf db78 | fb7f 0000 | 41ff d248 | 83c4 08e9 | 0d00 0000 

  0x000001e455ea4618: ;   {runtime_call}
  0x000001e455ea4618: 49ba c0cf | db78 fb7f | 0000 41ff | d248 83c4 | 2058 e903 | 0000 0048 | 8b00 498b | 8fd8 0000 
  0x000001e455ea4638: 00c7 8100 | 0100 0000 | 0000 00c9 | 4981 7f08 | 0000 0000 | 0f85 0100 

  0x000001e455ea4650: ;   {runtime_call StubRoutines (1)}
  0x000001e455ea4650: 0000 c3e9 | a8c8 a1ff | c5f8 7748 | 8945 f84c | 8be4 4883 | ec20 4883 

  0x000001e455ea4668: ;   {runtime_call}
  0x000001e455ea4668: e4f0 49ba | 9086 1d79 | fb7f 0000 | 41ff d249 | 8be4 4d33 | e448 8b45 | f8e9 93fe | ffff f4f4 
[/MachCode]


Compiled method (c1) 2594  714  s    3       java.lang.Throwable::fillInStackTrace (29 bytes)
 total in heap  [0x000001e44e4aba10,0x000001e44e4abf28] = 1304
 relocation     [0x000001e44e4abb70,0x000001e44e4abbc0] = 80
 main code      [0x000001e44e4abbc0,0x000001e44e4abe60] = 672
 stub code      [0x000001e44e4abe60,0x000001e44e4abea8] = 72
 metadata       [0x000001e44e4abea8,0x000001e44e4abeb0] = 8
 scopes data    [0x000001e44e4abeb0,0x000001e44e4abed0] = 32
 scopes pcs     [0x000001e44e4abed0,0x000001e44e4abf20] = 80
 dependencies   [0x000001e44e4abf20,0x000001e44e4abf28] = 8

[Constant Pool (empty)]

[MachCode]
[Entry Point]
  # {method} {0x000001e400021000} 'fillInStackTrace' '()Ljava/lang/Throwable;' in 'java/lang/Throwable'
  #           [sp+0x50]  (sp of caller)
  0x000001e44e4abbc0: 448b 5208 | 49bb 0000 | 0000 e401 | 0000 4d03 | d34c 3bd0 

  0x000001e44e4abbd4: ;   {runtime_call ic_miss_stub}
  0x000001e44e4abbd4: 0f85 a654 | 4607 660f | 1f44 0000 
[Verified Entry Point]
  0x000001e44e4abbe0: 8984 2400 | 90ff ff55 | 4883 ec40 | 4c8d 4424 | 2849 8950 | 0848 8b02 | 4883 c801 | 4989 00f0 
  0x000001e44e4abc00: 4c0f b102 | 0f84 1300 | 0000 482b | c448 81e0 | 07f0 ffff | 4989 000f | 853c 0100 

  0x000001e44e4abc1c: ;   {metadata(method data for {method} {0x000001e400021000} 'fillInStackTrace' '()Ljava/lang/Throwable;' in 'java/lang/Throwable')}
  0x000001e44e4abc1c: 0049 b8b0 | de0f 65e4 | 0100 0041 | 8bb0 cc00 | 0000 83c6 | 0241 89b0 | cc00 0000 | 81e6 fe07 
  0x000001e44e4abc3c: 0000 83fe | 000f 8425 | 0100 0044 | 8b42 1c49 

  0x000001e44e4abc4c: ;   {metadata(method data for {method} {0x000001e400021000} 'fillInStackTrace' '()Ljava/lang/Throwable;' in 'java/lang/Throwable')}
  0x000001e44e4abc4c: 83f8 0049 | b8b0 de0f | 65e4 0100 | 0048 c7c6 | 1001 0000 | 0f85 0700 | 0000 48c7 | c620 0100 
  0x000001e44e4abc6c: 0049 8b3c | 3048 8d7f | 0149 893c | 300f 8538 | 0000 0044 | 8b42 1049 

  0x000001e44e4abc84: ;   {metadata(method data for {method} {0x000001e400021000} 'fillInStackTrace' '()Ljava/lang/Throwable;' in 'java/lang/Throwable')}
  0x000001e44e4abc84: 83f8 0049 | b8b0 de0f | 65e4 0100 | 0048 c7c6 | 3001 0000 | 0f84 0700 | 0000 48c7 | c640 0100 
  0x000001e44e4abca4: 0049 8b3c | 3048 8d7f | 0149 893c | 300f 846c | 0000 004c 

  0x000001e44e4abcb8: ;   {metadata(method data for {method} {0x000001e400021000} 'fillInStackTrace' '()Ljava/lang/Throwable;' in 'java/lang/Throwable')}
  0x000001e44e4abcb8: 8bc2 48be | b0de 0f65 | e401 0000 | 4883 8650 | 0100 0001 | 41b8 0000 | 0000 488b | f248 8bd6 
  0x000001e44e4abcd8: 4889 7424 

  0x000001e44e4abcdc: ;   {optimized virtual_call}
  0x000001e44e4abcdc: 2066 90e8 

  0x000001e44e4abce0: ; ImmutableOopMap {[32]=Oop [48]=Oop }
                      ;*invokevirtual fillInStackTrace {reexecute=0 rethrow=0 return_oop=0}
                      ; - java.lang.Throwable::fillInStackTrace@16 (line 798)
  0x000001e44e4abce0: fc86 9f07 | 410f be47 | 3883 f800 | 488b 5424 | 200f 8596 

  0x000001e44e4abcf4: ;   {oop(a 'java/lang/StackTraceElement'[0] {0x0000000080940c88})}
  0x000001e44e4abcf4: 0000 0049 | ba88 0c94 | 8000 0000 | 0044 8952 

  0x000001e44e4abd04: ;   {oop(a 'java/lang/StackTraceElement'[0] {0x0000000080940c88})}
  0x000001e44e4abd04: 1c48 b888 | 0c94 8000 | 0000 0048 | 8bf2 4833 | f048 c1ee | 1448 83fe | 000f 8585 | 0000 0048 
  0x000001e44e4abd24: 8d44 2428 | 488b 3048 | 85f6 0f84 | 0f00 0000 | 488b 7808 | f048 0fb1 | 370f 857d | 0000 0048 
  0x000001e44e4abd44: 8bc2 4883 

  0x000001e44e4abd48: ;   {poll_return}
  0x000001e44e4abd48: c440 5d49 | 3ba7 5003 | 0000 0f87 | 7b00 0000 | c348 8954 | 2408 4c89 

  0x000001e44e4abd60: ;   {runtime_call monitorenter_nofpu Runtime1 stub}
  0x000001e44e4abd60: 0424 e819 

  0x000001e44e4abd64: ; ImmutableOopMap {rdx=Oop [48]=Oop }
                      ;*synchronization entry
                      ; - java.lang.Throwable::fillInStackTrace@-1 (line 796)
  0x000001e44e4abd64: d750 07e9 | b1fe ffff 

  0x000001e44e4abd6c: ;   {metadata({method} {0x000001e400021000} 'fillInStackTrace' '()Ljava/lang/Throwable;' in 'java/lang/Throwable')}
  0x000001e44e4abd6c: 49ba f80f | 0200 e401 | 0000 4c89 | 5424 0848 | c704 24ff 

  0x000001e44e4abd80: ;   {runtime_call counter_overflow Runtime1 stub}
  0x000001e44e4abd80: ffff ffe8 

  0x000001e44e4abd84: ; ImmutableOopMap {rdx=Oop [48]=Oop }
                      ;*synchronization entry
                      ; - java.lang.Throwable::fillInStackTrace@-1 (line 796)
  0x000001e44e4abd84: f8f7 5007 | e9ba feff | ff8b 421c | 4883 f800 | 0f84 5dff | ffff 4889 

  0x000001e44e4abd9c: ;   {runtime_call g1_pre_barrier_slow}
  0x000001e44e4abd9c: 0424 e8dd | fd50 07e9 | 4fff ffff | 4883 f800 | 0f84 71ff | ffff 4889 

  0x000001e44e4abdb4: ;   {runtime_call g1_post_barrier_slow}
  0x000001e44e4abdb4: 1424 e8c5 | 0051 07e9 | 63ff ffff | 488d 4424 | 2848 8904 

  0x000001e44e4abdc8: ;   {runtime_call monitorexit_nofpu Runtime1 stub}
  0x000001e44e4abdc8: 24e8 b2dc | 5007 e970 

  0x000001e44e4abdd0: ;   {internal_word}
  0x000001e44e4abdd0: ffff ff49 | ba4b bd4a | 4ee4 0100 | 004d 8997 | 6803 0000 

  0x000001e44e4abde4: ;   {runtime_call SafepointBlob}
  0x000001e44e4abde4: e917 bc46 | 0790 9049 | 8b87 e003 | 0000 49c7 | 87e0 0300 | 0000 0000 | 0049 c787 | e803 0000 
  0x000001e44e4abe04: 0000 0000 | 488b d848 | 8d44 2428 | 488b 3848 | 85ff 0f84 | 0f00 0000 | 488b 7008 | f048 0fb1 
  0x000001e44e4abe24: 3e0f 850d | 0000 0048 | 8bc3 4883 

  0x000001e44e4abe30: ;   {runtime_call unwind_exception Runtime1 stub}
  0x000001e44e4abe30: c440 5de9 | c8bd 4707 | 488d 4424 | 2848 8904 

  0x000001e44e4abe40: ;   {runtime_call monitorexit_nofpu Runtime1 stub}
  0x000001e44e4abe40: 24e8 3adc | 5007 ebe3 | f4f4 f4f4 | f4f4 f4f4 | f4f4 f4f4 | f4f4 f4f4 | f4f4 f4f4 | f4f4 f4f4 
[Stub Code]
  0x000001e44e4abe60: ;   {no_reloc}
  0x000001e44e4abe60: 0f1f 4400 

  0x000001e44e4abe64: ;   {static_stub}
  0x000001e44e4abe64: 0048 bb00 | 0000 0000 

  0x000001e44e4abe6c: ;   {runtime_call}
  0x000001e44e4abe6c: 0000 00e9 | fbff ffff 
[Exception Handler]
  0x000001e44e4abe74: ;   {runtime_call handle_exception_from_callee Runtime1 stub}
  0x000001e44e4abe74: e807 c450 

  0x000001e44e4abe78: ;   {external_word}
  0x000001e44e4abe78: 0748 b950 | aa41 79fb | 7f00 0048 

  0x000001e44e4abe84: ;   {runtime_call}
  0x000001e44e4abe84: 83e4 f049 | ba60 320a | 79fb 7f00 | 0041 ffd2 

  0x000001e44e4abe94: ;   {section_word}
  0x000001e44e4abe94: f449 ba95 | be4a 4ee4 | 0100 0041 

  0x000001e44e4abea0: ;   {runtime_call DeoptimizationBlob}
  0x000001e44e4abea0: 52e9 faad | 4607 f4f4 
[/MachCode]


Compiled method (c1) 2601  717       3       java.lang.Throwable::<init> (39 bytes)
 total in heap  [0x000001e44e4ac710,0x000001e44e4acdb0] = 1696
 relocation     [0x000001e44e4ac870,0x000001e44e4ac8d0] = 96
 main code      [0x000001e44e4ac8e0,0x000001e44e4accc0] = 992
 stub code      [0x000001e44e4accc0,0x000001e44e4acd08] = 72
 metadata       [0x000001e44e4acd08,0x000001e44e4acd20] = 24
 scopes data    [0x000001e44e4acd20,0x000001e44e4acd58] = 56
 scopes pcs     [0x000001e44e4acd58,0x000001e44e4acda8] = 80
 dependencies   [0x000001e44e4acda8,0x000001e44e4acdb0] = 8

[Constant Pool (empty)]

[MachCode]
[Entry Point]
  # {method} {0x000001e400022000} '<init>' '(Ljava/lang/String;Ljava/lang/Throwable;)V' in 'java/lang/Throwable'
  # this:     rdx:rdx   = 'java/lang/Throwable'
  # parm0:    r8:r8     = 'java/lang/String'
  # parm1:    r9:r9     = 'java/lang/Throwable'
  #           [sp+0x50]  (sp of caller)
  0x000001e44e4ac8e0: 448b 5208 | 49bb 0000 | 0000 e401 | 0000 4d03 | d34c 3bd0 

  0x000001e44e4ac8f4: ;   {runtime_call ic_miss_stub}
  0x000001e44e4ac8f4: 0f85 8647 | 4607 660f | 1f44 0000 
[Verified Entry Point]
  0x000001e44e4ac900: 8984 2400 | 90ff ff55 | 4883 ec40 

  0x000001e44e4ac90c: ;   {metadata(method data for {method} {0x000001e400022000} '<init>' '(Ljava/lang/String;Ljava/lang/Throwable;)V' in 'java/lang/Throwable')}
  0x000001e44e4ac90c: 48be 18e3 | 0f65 e401 | 0000 8bbe | cc00 0000 | 83c7 0289 | becc 0000 | 0081 e7fe | 0700 0083 
  0x000001e44e4ac92c: ff00 0f84 | 0c02 0000 | 4c89 4c24 | 304c 8944 | 2428 488b 

  0x000001e44e4ac940: ;   {metadata(method data for {method} {0x000001e400022000} '<init>' '(Ljava/lang/String;Ljava/lang/Throwable;)V' in 'java/lang/Throwable')}
  0x000001e44e4ac940: f248 bf18 | e30f 65e4 | 0100 0048 | 8387 1001 

  0x000001e44e4ac950: ;   {metadata(method data for {method} {0x000001e4004415f0} '<init>' '()V' in 'java/lang/Object')}
  0x000001e44e4ac950: 0000 0148 | be60 7500 | 65e4 0100 | 008b becc | 0000 0083 | c702 89be | cc00 0000 | 81e7 feff 
  0x000001e44e4ac970: 1f00 83ff | 000f 84e6 | 0100 0041 | 0fbe 7738 | 83fe 000f | 85f9 0100 | 004c 8bd2 | 4489 5218 
  0x000001e44e4ac990: 488b f248 | 33f2 48c1 | ee14 4883 | fe00 0f85 | f901 0000 | 410f be77 | 3883 fe00 | 0f85 0302 
  0x000001e44e4ac9b0: ;   {oop(a 'java/lang/StackTraceElement'[0] {0x0000000080940c88})}
  0x000001e44e4ac9b0: 0000 49ba | 880c 9480 | 0000 0000 | 4489 521c 

  0x000001e44e4ac9c0: ;   {oop(a 'java/lang/StackTraceElement'[0] {0x0000000080940c88})}
  0x000001e44e4ac9c0: 48be 880c | 9480 0000 | 0000 488b | fa48 33fe | 48c1 ef14 | 4883 ff00 | 0f85 f201 | 0000 410f 
  0x000001e44e4ac9e0: be77 3883 | fe00 0f85 | fc01 0000 

  0x000001e44e4ac9ec: ;   {oop(a 'java/util/Collections$EmptyList'{0x0000000080940c78})}
  0x000001e44e4ac9ec: 49ba 780c | 9480 0000 | 0000 4489 

  0x000001e44e4ac9f8: ;   {oop(a 'java/util/Collections$EmptyList'{0x0000000080940c78})}
  0x000001e44e4ac9f8: 5220 48be | 780c 9480 | 0000 0000 | 488b fa48 | 33fe 48c1 | ef14 4883 | ff00 0f85 | eb01 0000 
  0x000001e44e4aca18: ;   {metadata(method data for {method} {0x000001e400022000} '<init>' '(Ljava/lang/String;Ljava/lang/Throwable;)V' in 'java/lang/Throwable')}
  0x000001e44e4aca18: 488b f248 | bf18 e30f | 65e4 0100 | 008b 7608 | 49ba 0000 | 0000 e401 | 0000 4903 | f248 3bb7 
  0x000001e44e4aca38: 3001 0000 | 750d 4883 | 8738 0100 | 0001 e966 | 0000 0048 | 3bb7 4001 | 0000 750d | 4883 8748 
  0x000001e44e4aca58: 0100 0001 | e950 0000 | 0048 81bf | 3001 0000 | 0000 0000 | 7517 4889 | b730 0100 | 0048 c787 
  0x000001e44e4aca78: 3801 0000 | 0100 0000 | e92c 0000 | 0048 81bf | 4001 0000 | 0000 0000 | 7517 4889 | b740 0100 
  0x000001e44e4aca98: 0048 c787 | 4801 0000 | 0100 0000 | e908 0000 | 0048 8387 | 2001 0000 | 0148 8bf2 | 488b d648 
  0x000001e44e4acab8: 8974 2420 | 9048 b8ff | ffff ffff 

  0x000001e44e4acac4: ;   {virtual_call}
  0x000001e44e4acac4: ffff ffe8 

  0x000001e44e4acac8: ; ImmutableOopMap {[32]=Oop [48]=Oop [40]=Oop }
                      ;*invokevirtual fillInStackTrace {reexecute=0 rethrow=0 return_oop=0}
                      ; - java.lang.Throwable::<init>@24 (line 293)
  0x000001e44e4acac8: 0434 5107 | 410f be77 | 3883 fe00 | 488b 5424 | 200f 853c | 0100 004c | 8b44 2428 | 4d8b d044 
  0x000001e44e4acae8: 8952 1448 | 8bf2 4933 | f048 c1ee | 1448 83fe | 000f 8537 | 0100 0041 | 0fbe 7738 | 83fe 000f 
  0x000001e44e4acb08: 8541 0100 | 004c 8b4c | 2430 4d8b | d144 8952 | 1848 8bf2 | 4933 f148 | c1ee 1448 | 83fe 000f 
  0x000001e44e4acb28: 853c 0100 | 0048 83c4 

  0x000001e44e4acb30: ;   {poll_return}
  0x000001e44e4acb30: 405d 493b | a750 0300 | 000f 8742 | 0100 00c3 

  0x000001e44e4acb40: ;   {metadata({method} {0x000001e400022000} '<init>' '(Ljava/lang/String;Ljava/lang/Throwable;)V' in 'java/lang/Throwable')}
  0x000001e44e4acb40: 49ba f81f | 0200 e401 | 0000 4c89 | 5424 0848 | c704 24ff 

  0x000001e44e4acb54: ;   {runtime_call counter_overflow Runtime1 stub}
  0x000001e44e4acb54: ffff ffe8 

  0x000001e44e4acb58: ; ImmutableOopMap {rdx=Oop r8=Oop r9=Oop }
                      ;*synchronization entry
                      ; - java.lang.Throwable::<init>@-1 (line 292)
  0x000001e44e4acb58: 24ea 5007 | e9d3 fdff 

  0x000001e44e4acb60: ;   {metadata({method} {0x000001e4004415f0} '<init>' '()V' in 'java/lang/Object')}
  0x000001e44e4acb60: ff49 bae8 | 1544 00e4 | 0100 004c | 8954 2408 | 48c7 0424 | ffff ffff 

  0x000001e44e4acb78: ;   {runtime_call counter_overflow Runtime1 stub}
  0x000001e44e4acb78: e803 ea50 

  0x000001e44e4acb7c: ; ImmutableOopMap {rdx=Oop [48]=Oop [40]=Oop }
                      ;*synchronization entry
                      ; - java.lang.Object::<init>@-1 (line 44)
                      ; - java.lang.Throwable::<init>@1 (line 292)
  0x000001e44e4acb7c: 07e9 f9fd | ffff 8b72 | 1848 83fe | 000f 84fa | fdff ff48 

  0x000001e44e4acb90: ;   {runtime_call g1_pre_barrier_slow}
  0x000001e44e4acb90: 8934 24e8 | e8ef 5007 | e9ec fdff | ff48 83fa | 000f 84fd | fdff ff48 

  0x000001e44e4acba8: ;   {runtime_call g1_post_barrier_slow}
  0x000001e44e4acba8: 8914 24e8 | d0f2 5007 | e9ef fdff | ff8b 721c | 4883 fe00 | 0f84 f0fd | ffff 4889 

  0x000001e44e4acbc4: ;   {runtime_call g1_pre_barrier_slow}
  0x000001e44e4acbc4: 3424 e8b5 | ef50 07e9 | e2fd ffff | 4883 fe00 | 0f84 04fe | ffff 4889 

  0x000001e44e4acbdc: ;   {runtime_call g1_post_barrier_slow}
  0x000001e44e4acbdc: 1424 e89d | f250 07e9 | f6fd ffff | 8b72 2048 | 83fe 000f | 84f7 fdff | ff48 8934 

  0x000001e44e4acbf8: ;   {runtime_call g1_pre_barrier_slow}
  0x000001e44e4acbf8: 24e8 82ef | 5007 e9e9 | fdff ff48 | 83fe 000f | 840b feff | ff48 8914 

  0x000001e44e4acc10: ;   {runtime_call g1_post_barrier_slow}
  0x000001e44e4acc10: 24e8 6af2 | 5007 e9fd | fdff ff8b | 7214 4883 | fe00 0f84 | b7fe ffff | 4889 3424 

  0x000001e44e4acc2c: ;   {runtime_call g1_pre_barrier_slow}
  0x000001e44e4acc2c: e84f ef50 | 07e9 a9fe | ffff 4983 | f800 0f84 | bffe ffff | 4889 1424 

  0x000001e44e4acc44: ;   {runtime_call g1_post_barrier_slow}
  0x000001e44e4acc44: e837 f250 | 07e9 b1fe | ffff 8b72 | 1848 83fe | 000f 84b2 | feff ff48 

  0x000001e44e4acc5c: ;   {runtime_call g1_pre_barrier_slow}
  0x000001e44e4acc5c: 8934 24e8 | 1cef 5007 | e9a4 feff | ff49 83f9 | 000f 84ba | feff ff48 

  0x000001e44e4acc74: ;   {runtime_call g1_post_barrier_slow}
  0x000001e44e4acc74: 8914 24e8 | 04f2 5007 | e9ac feff 

  0x000001e44e4acc80: ;   {internal_word}
  0x000001e44e4acc80: ff49 ba32 | cb4a 4ee4 | 0100 004d | 8997 6803 

  0x000001e44e4acc90: ;   {runtime_call SafepointBlob}
  0x000001e44e4acc90: 0000 e969 | ad46 0790 | 9049 8b87 | e003 0000 | 49c7 87e0 | 0300 0000 | 0000 0049 | c787 e803 
  0x000001e44e4accb0: 0000 0000 | 0000 4883 

  0x000001e44e4accb8: ;   {runtime_call unwind_exception Runtime1 stub}
  0x000001e44e4accb8: c440 5de9 | 40af 4707 
[Stub Code]
  0x000001e44e4accc0: ;   {no_reloc}
  0x000001e44e4accc0: 0f1f 4400 

  0x000001e44e4accc4: ;   {static_stub}
  0x000001e44e4accc4: 0048 bb00 | 0000 0000 

  0x000001e44e4acccc: ;   {runtime_call}
  0x000001e44e4acccc: 0000 00e9 | fbff ffff 
[Exception Handler]
  0x000001e44e4accd4: ;   {runtime_call handle_exception_from_callee Runtime1 stub}
  0x000001e44e4accd4: e8a7 b550 

  0x000001e44e4accd8: ;   {external_word}
  0x000001e44e4accd8: 0748 b950 | aa41 79fb | 7f00 0048 

  0x000001e44e4acce4: ;   {runtime_call}
  0x000001e44e4acce4: 83e4 f049 | ba60 320a | 79fb 7f00 | 0041 ffd2 

  0x000001e44e4accf4: ;   {section_word}
  0x000001e44e4accf4: f449 baf5 | cc4a 4ee4 | 0100 0041 

  0x000001e44e4acd00: ;   {runtime_call DeoptimizationBlob}
  0x000001e44e4acd00: 52e9 9a9f | 4607 f4f4 
[/MachCode]


---------------  P R O C E S S  ---------------

Threads class SMR info:
_java_thread_list=0x000001e46c04bd60, length=25, elements={
0x000001e44681f8c0, 0x000001e464d35c20, 0x000001e464d37260, 0x000001e46900b910,
0x000001e46900e1f0, 0x000001e46900f630, 0x000001e4690115e0, 0x000001e469012d50,
0x000001e469017b70, 0x000001e469018ff0, 0x000001e46911daf0, 0x000001e4691fc080,
0x000001e46925a1d0, 0x000001e46a961390, 0x000001e46b7bebd0, 0x000001e46b237020,
0x000001e46b6ce780, 0x000001e46a96d160, 0x000001e46bcf5710, 0x000001e46a4d3910,
0x000001e46b616730, 0x000001e46b617150, 0x000001e46b616c40, 0x000001e46b616220,
0x000001e46b6139a0
}

Java Threads: ( => current thread )
  0x000001e44681f8c0 JavaThread "main" [_thread_blocked, id=23604, stack(0x0000004af5800000,0x0000004af5900000)]
  0x000001e464d35c20 JavaThread "Reference Handler" daemon [_thread_blocked, id=23028, stack(0x0000004af5f00000,0x0000004af6000000)]
  0x000001e464d37260 JavaThread "Finalizer" daemon [_thread_blocked, id=25104, stack(0x0000004af6000000,0x0000004af6100000)]
  0x000001e46900b910 JavaThread "Signal Dispatcher" daemon [_thread_blocked, id=16208, stack(0x0000004af6100000,0x0000004af6200000)]
  0x000001e46900e1f0 JavaThread "Attach Listener" daemon [_thread_blocked, id=6052, stack(0x0000004af6200000,0x0000004af6300000)]
  0x000001e46900f630 JavaThread "Service Thread" daemon [_thread_blocked, id=8084, stack(0x0000004af6300000,0x0000004af6400000)]
  0x000001e4690115e0 JavaThread "Monitor Deflation Thread" daemon [_thread_blocked, id=24136, stack(0x0000004af6400000,0x0000004af6500000)]
  0x000001e469012d50 JavaThread "C2 CompilerThread0" daemon [_thread_in_native, id=24812, stack(0x0000004af6500000,0x0000004af6600000)]
  0x000001e469017b70 JavaThread "C1 CompilerThread0" daemon [_thread_blocked, id=24596, stack(0x0000004af6600000,0x0000004af6700000)]
  0x000001e469018ff0 JavaThread "Sweeper thread" daemon [_thread_blocked, id=928, stack(0x0000004af6700000,0x0000004af6800000)]
  0x000001e46911daf0 JavaThread "Common-Cleaner" daemon [_thread_blocked, id=1136, stack(0x0000004af6800000,0x0000004af6900000)]
  0x000001e4691fc080 JavaThread "Notification Thread" daemon [_thread_blocked, id=22192, stack(0x0000004af6900000,0x0000004af6a00000)]
  0x000001e46925a1d0 JavaThread "C2 CompilerThread1" daemon [_thread_in_native, id=24152, stack(0x0000004af6b00000,0x0000004af6c00000)]
  0x000001e46a961390 JavaThread "Daemon health stats" [_thread_blocked, id=9860, stack(0x0000004af7200000,0x0000004af7300000)]
  0x000001e46b7bebd0 JavaThread "Incoming local TCP Connector on port 52949" [_thread_in_native, id=25436, stack(0x0000004af7300000,0x0000004af7400000)]
  0x000001e46b237020 JavaThread "Daemon periodic checks" [_thread_blocked, id=22544, stack(0x0000004af7400000,0x0000004af7500000)]
  0x000001e46b6ce780 JavaThread "Daemon" [_thread_blocked, id=9560, stack(0x0000004af7500000,0x0000004af7600000)]
  0x000001e46a96d160 JavaThread "Handler for socket connection from /127.0.0.1:52949 to /127.0.0.1:52950" [_thread_in_native, id=17508, stack(0x0000004af7600000,0x0000004af7700000)]
  0x000001e46bcf5710 JavaThread "Cancel handler" [_thread_blocked, id=15924, stack(0x0000004af7700000,0x0000004af7800000)]
=>0x000001e46a4d3910 JavaThread "Daemon worker" [_thread_in_vm, id=24488, stack(0x0000004af7800000,0x0000004af7900000)]
  0x000001e46b616730 JavaThread "Asynchronous log dispatcher for DefaultDaemonConnection: socket connection from /127.0.0.1:52949 to /127.0.0.1:52950" [_thread_blocked, id=18368, stack(0x0000004af7900000,0x0000004af7a00000)]
  0x000001e46b617150 JavaThread "Stdin handler" [_thread_blocked, id=10832, stack(0x0000004af7a00000,0x0000004af7b00000)]
  0x000001e46b616c40 JavaThread "Daemon client event forwarder" [_thread_blocked, id=7228, stack(0x0000004af7b00000,0x0000004af7c00000)]
  0x000001e46b616220 JavaThread "Cache worker for journal cache (D:\gradle_cache\caches\journal-1)" [_thread_blocked, id=4564, stack(0x0000004af6c00000,0x0000004af6d00000)]
  0x000001e46b6139a0 JavaThread "File lock request listener" [_thread_in_native, id=16700, stack(0x0000004af7c00000,0x0000004af7d00000)]

Other Threads:
  0x000001e464d2b890 VMThread "VM Thread" [stack: 0x0000004af5e00000,0x0000004af5f00000] [id=13932]
  0x000001e446821660 WatcherThread [stack: 0x0000004af6a00000,0x0000004af6b00000] [id=18884]
  0x000001e44687e7d0 GCTaskThread "GC Thread#0" [stack: 0x0000004af5900000,0x0000004af5a00000] [id=20100]
  0x000001e469321a00 GCTaskThread "GC Thread#1" [stack: 0x0000004af6d00000,0x0000004af6e00000] [id=6592]
  0x000001e469471820 GCTaskThread "GC Thread#2" [stack: 0x0000004af6e00000,0x0000004af6f00000] [id=22868]
  0x000001e469472310 GCTaskThread "GC Thread#3" [stack: 0x0000004af6f00000,0x0000004af7000000] [id=9232]
  0x000001e4694725e0 GCTaskThread "GC Thread#4" [stack: 0x0000004af7000000,0x0000004af7100000] [id=23960]
  0x000001e4697ce260 GCTaskThread "GC Thread#5" [stack: 0x0000004af7100000,0x0000004af7200000] [id=7608]
  0x000001e446890310 ConcurrentGCThread "G1 Main Marker" [stack: 0x0000004af5a00000,0x0000004af5b00000] [id=14708]
  0x000001e4468913e0 ConcurrentGCThread "G1 Conc#0" [stack: 0x0000004af5b00000,0x0000004af5c00000] [id=17048]
  0x000001e4468cdde0 ConcurrentGCThread "G1 Refine#0" [stack: 0x0000004af5c00000,0x0000004af5d00000] [id=5696]
  0x000001e4468ce730 ConcurrentGCThread "G1 Service" [stack: 0x0000004af5d00000,0x0000004af5e00000] [id=22912]

Threads with active compile tasks:
C2 CompilerThread0  2611 2285   !   4       java.lang.ClassLoader::loadClass (121 bytes)
C2 CompilerThread1  2611 2299   !   4       java.util.zip.InflaterInputStream::read (138 bytes)

VM state: not at safepoint (normal execution)

VM Mutex/Monitor currently owned by a thread: None

Heap address: 0x0000000080000000, size: 2048 MB, Compressed Oops mode: 32-bit

CDS archive(s) mapped at: [0x000001e400000000-0x000001e400bb0000-0x000001e400bb0000), size 12255232, SharedBaseAddress: 0x000001e400000000, ArchiveRelocationMode: 1.
Compressed class space mapped at: 0x000001e401000000-0x000001e441000000, reserved size: 1073741824
Narrow klass base: 0x000001e400000000, Narrow klass shift: 0, Narrow klass range: 0x100000000

GC Precious Log:
 CPUs: 8 total, 8 available
 Memory: 16173M
 Large Page Support: Disabled
 NUMA Support: Disabled
 Compressed Oops: Enabled (32-bit)
 Heap Region Size: 1M
 Heap Min Capacity: 8M
 Heap Initial Capacity: 254M
 Heap Max Capacity: 2G
 Pre-touch: Disabled
 Parallel Workers: 8
 Concurrent Workers: 2
 Concurrent Refinement Workers: 8
 Periodic GC: Disabled

Heap:
 garbage-first heap   total 260096K, used 78415K [0x0000000080000000, 0x0000000100000000)
  region size 1024K, 68 young (69632K), 3 survivors (3072K)
 Metaspace       used 15301K, committed 15552K, reserved 1114112K
  class space    used 2155K, committed 2304K, reserved 1048576K

Heap Regions: E=young(eden), S=young(survivor), O=old, HS=humongous(starts), HC=humongous(continues), CS=collection set, F=free, OA=open archive, CA=closed archive, TAMS=top-at-mark-start (previous, next)
|   0|0x0000000080000000, 0x0000000080100000, 0x0000000080100000|100%|HS|  |TAMS 0x0000000080000000, 0x0000000080000000| Complete 
|   1|0x0000000080100000, 0x0000000080200000, 0x0000000080200000|100%|HC|  |TAMS 0x0000000080100000, 0x0000000080100000| Complete 
|   2|0x0000000080200000, 0x0000000080300000, 0x0000000080300000|100%|HC|  |TAMS 0x0000000080200000, 0x0000000080200000| Complete 
|   3|0x0000000080300000, 0x0000000080400000, 0x0000000080400000|100%|HC|  |TAMS 0x0000000080300000, 0x0000000080300000| Complete 
|   4|0x0000000080400000, 0x0000000080500000, 0x0000000080500000|100%| O|  |TAMS 0x0000000080400000, 0x0000000080400000| Untracked 
|   5|0x0000000080500000, 0x0000000080600000, 0x0000000080600000|100%| O|  |TAMS 0x0000000080500000, 0x0000000080500000| Untracked 
|   6|0x0000000080600000, 0x0000000080700000, 0x0000000080700000|100%| O|  |TAMS 0x0000000080600000, 0x0000000080600000| Untracked 
|   7|0x0000000080700000, 0x0000000080800000, 0x0000000080800000|100%| O|  |TAMS 0x0000000080700000, 0x0000000080700000| Untracked 
|   8|0x0000000080800000, 0x0000000080800000, 0x0000000080900000|  0%| F|  |TAMS 0x0000000080800000, 0x0000000080800000| Untracked 
|   9|0x0000000080900000, 0x0000000080a00000, 0x0000000080a00000|100%| O|  |TAMS 0x0000000080900000, 0x0000000080900000| Untracked 
|  10|0x0000000080a00000, 0x0000000080b00000, 0x0000000080b00000|100%| O|  |TAMS 0x0000000080a00000, 0x0000000080a00000| Untracked 
|  11|0x0000000080b00000, 0x0000000080b61400, 0x0000000080c00000| 37%| O|  |TAMS 0x0000000080b00000, 0x0000000080b00000| Untracked 
|  12|0x0000000080c00000, 0x0000000080c00000, 0x0000000080d00000|  0%| F|  |TAMS 0x0000000080c00000, 0x0000000080c00000| Untracked 
|  13|0x0000000080d00000, 0x0000000080d00000, 0x0000000080e00000|  0%| F|  |TAMS 0x0000000080d00000, 0x0000000080d00000| Untracked 
|  14|0x0000000080e00000, 0x0000000080e00000, 0x0000000080f00000|  0%| F|  |TAMS 0x0000000080e00000, 0x0000000080e00000| Untracked 
|  15|0x0000000080f00000, 0x0000000080f00000, 0x0000000081000000|  0%| F|  |TAMS 0x0000000080f00000, 0x0000000080f00000| Untracked 
|  16|0x0000000081000000, 0x0000000081000000, 0x0000000081100000|  0%| F|  |TAMS 0x0000000081000000, 0x0000000081000000| Untracked 
|  17|0x0000000081100000, 0x0000000081100000, 0x0000000081200000|  0%| F|  |TAMS 0x0000000081100000, 0x0000000081100000| Untracked 
|  18|0x0000000081200000, 0x0000000081200000, 0x0000000081300000|  0%| F|  |TAMS 0x0000000081200000, 0x0000000081200000| Untracked 
|  19|0x0000000081300000, 0x0000000081300000, 0x0000000081400000|  0%| F|  |TAMS 0x0000000081300000, 0x0000000081300000| Untracked 
|  20|0x0000000081400000, 0x0000000081400000, 0x0000000081500000|  0%| F|  |TAMS 0x0000000081400000, 0x0000000081400000| Untracked 
|  21|0x0000000081500000, 0x0000000081500000, 0x0000000081600000|  0%| F|  |TAMS 0x0000000081500000, 0x0000000081500000| Untracked 
|  22|0x0000000081600000, 0x0000000081600000, 0x0000000081700000|  0%| F|  |TAMS 0x0000000081600000, 0x0000000081600000| Untracked 
|  23|0x0000000081700000, 0x0000000081700000, 0x0000000081800000|  0%| F|  |TAMS 0x0000000081700000, 0x0000000081700000| Untracked 
|  24|0x0000000081800000, 0x0000000081800000, 0x0000000081900000|  0%| F|  |TAMS 0x0000000081800000, 0x0000000081800000| Untracked 
|  25|0x0000000081900000, 0x0000000081900000, 0x0000000081a00000|  0%| F|  |TAMS 0x0000000081900000, 0x0000000081900000| Untracked 
|  26|0x0000000081a00000, 0x0000000081a00000, 0x0000000081b00000|  0%| F|  |TAMS 0x0000000081a00000, 0x0000000081a00000| Untracked 
|  27|0x0000000081b00000, 0x0000000081b00000, 0x0000000081c00000|  0%| F|  |TAMS 0x0000000081b00000, 0x0000000081b00000| Untracked 
|  28|0x0000000081c00000, 0x0000000081c00000, 0x0000000081d00000|  0%| F|  |TAMS 0x0000000081c00000, 0x0000000081c00000| Untracked 
|  29|0x0000000081d00000, 0x0000000081d00000, 0x0000000081e00000|  0%| F|  |TAMS 0x0000000081d00000, 0x0000000081d00000| Untracked 
|  30|0x0000000081e00000, 0x0000000081e00000, 0x0000000081f00000|  0%| F|  |TAMS 0x0000000081e00000, 0x0000000081e00000| Untracked 
|  31|0x0000000081f00000, 0x0000000081f00000, 0x0000000082000000|  0%| F|  |TAMS 0x0000000081f00000, 0x0000000081f00000| Untracked 
|  32|0x0000000082000000, 0x0000000082000000, 0x0000000082100000|  0%| F|  |TAMS 0x0000000082000000, 0x0000000082000000| Untracked 
|  33|0x0000000082100000, 0x0000000082100000, 0x0000000082200000|  0%| F|  |TAMS 0x0000000082100000, 0x0000000082100000| Untracked 
|  34|0x0000000082200000, 0x0000000082200000, 0x0000000082300000|  0%| F|  |TAMS 0x0000000082200000, 0x0000000082200000| Untracked 
|  35|0x0000000082300000, 0x0000000082300000, 0x0000000082400000|  0%| F|  |TAMS 0x0000000082300000, 0x0000000082300000| Untracked 
|  36|0x0000000082400000, 0x0000000082400000, 0x0000000082500000|  0%| F|  |TAMS 0x0000000082400000, 0x0000000082400000| Untracked 
|  37|0x0000000082500000, 0x0000000082500000, 0x0000000082600000|  0%| F|  |TAMS 0x0000000082500000, 0x0000000082500000| Untracked 
|  38|0x0000000082600000, 0x0000000082600000, 0x0000000082700000|  0%| F|  |TAMS 0x0000000082600000, 0x0000000082600000| Untracked 
|  39|0x0000000082700000, 0x0000000082700000, 0x0000000082800000|  0%| F|  |TAMS 0x0000000082700000, 0x0000000082700000| Untracked 
|  40|0x0000000082800000, 0x0000000082800000, 0x0000000082900000|  0%| F|  |TAMS 0x0000000082800000, 0x0000000082800000| Untracked 
|  41|0x0000000082900000, 0x0000000082900000, 0x0000000082a00000|  0%| F|  |TAMS 0x0000000082900000, 0x0000000082900000| Untracked 
|  42|0x0000000082a00000, 0x0000000082a00000, 0x0000000082b00000|  0%| F|  |TAMS 0x0000000082a00000, 0x0000000082a00000| Untracked 
|  43|0x0000000082b00000, 0x0000000082b00000, 0x0000000082c00000|  0%| F|  |TAMS 0x0000000082b00000, 0x0000000082b00000| Untracked 
|  44|0x0000000082c00000, 0x0000000082c00000, 0x0000000082d00000|  0%| F|  |TAMS 0x0000000082c00000, 0x0000000082c00000| Untracked 
|  45|0x0000000082d00000, 0x0000000082d00000, 0x0000000082e00000|  0%| F|  |TAMS 0x0000000082d00000, 0x0000000082d00000| Untracked 
|  46|0x0000000082e00000, 0x0000000082e00000, 0x0000000082f00000|  0%| F|  |TAMS 0x0000000082e00000, 0x0000000082e00000| Untracked 
|  47|0x0000000082f00000, 0x0000000082f00000, 0x0000000083000000|  0%| F|  |TAMS 0x0000000082f00000, 0x0000000082f00000| Untracked 
|  48|0x0000000083000000, 0x0000000083000000, 0x0000000083100000|  0%| F|  |TAMS 0x0000000083000000, 0x0000000083000000| Untracked 
|  49|0x0000000083100000, 0x0000000083100000, 0x0000000083200000|  0%| F|  |TAMS 0x0000000083100000, 0x0000000083100000| Untracked 
|  50|0x0000000083200000, 0x0000000083200000, 0x0000000083300000|  0%| F|  |TAMS 0x0000000083200000, 0x0000000083200000| Untracked 
|  51|0x0000000083300000, 0x0000000083300000, 0x0000000083400000|  0%| F|  |TAMS 0x0000000083300000, 0x0000000083300000| Untracked 
|  52|0x0000000083400000, 0x0000000083400000, 0x0000000083500000|  0%| F|  |TAMS 0x0000000083400000, 0x0000000083400000| Untracked 
|  53|0x0000000083500000, 0x0000000083500000, 0x0000000083600000|  0%| F|  |TAMS 0x0000000083500000, 0x0000000083500000| Untracked 
|  54|0x0000000083600000, 0x0000000083600000, 0x0000000083700000|  0%| F|  |TAMS 0x0000000083600000, 0x0000000083600000| Untracked 
|  55|0x0000000083700000, 0x0000000083700000, 0x0000000083800000|  0%| F|  |TAMS 0x0000000083700000, 0x0000000083700000| Untracked 
|  56|0x0000000083800000, 0x0000000083800000, 0x0000000083900000|  0%| F|  |TAMS 0x0000000083800000, 0x0000000083800000| Untracked 
|  57|0x0000000083900000, 0x0000000083900000, 0x0000000083a00000|  0%| F|  |TAMS 0x0000000083900000, 0x0000000083900000| Untracked 
|  58|0x0000000083a00000, 0x0000000083a00000, 0x0000000083b00000|  0%| F|  |TAMS 0x0000000083a00000, 0x0000000083a00000| Untracked 
|  59|0x0000000083b00000, 0x0000000083b00000, 0x0000000083c00000|  0%| F|  |TAMS 0x0000000083b00000, 0x0000000083b00000| Untracked 
|  60|0x0000000083c00000, 0x0000000083c00000, 0x0000000083d00000|  0%| F|  |TAMS 0x0000000083c00000, 0x0000000083c00000| Untracked 
|  61|0x0000000083d00000, 0x0000000083d00000, 0x0000000083e00000|  0%| F|  |TAMS 0x0000000083d00000, 0x0000000083d00000| Untracked 
|  62|0x0000000083e00000, 0x0000000083e00000, 0x0000000083f00000|  0%| F|  |TAMS 0x0000000083e00000, 0x0000000083e00000| Untracked 
|  63|0x0000000083f00000, 0x0000000083f00000, 0x0000000084000000|  0%| F|  |TAMS 0x0000000083f00000, 0x0000000083f00000| Untracked 
|  64|0x0000000084000000, 0x0000000084000000, 0x0000000084100000|  0%| F|  |TAMS 0x0000000084000000, 0x0000000084000000| Untracked 
|  65|0x0000000084100000, 0x0000000084100000, 0x0000000084200000|  0%| F|  |TAMS 0x0000000084100000, 0x0000000084100000| Untracked 
|  66|0x0000000084200000, 0x0000000084200000, 0x0000000084300000|  0%| F|  |TAMS 0x0000000084200000, 0x0000000084200000| Untracked 
|  67|0x0000000084300000, 0x0000000084300000, 0x0000000084400000|  0%| F|  |TAMS 0x0000000084300000, 0x0000000084300000| Untracked 
|  68|0x0000000084400000, 0x0000000084400000, 0x0000000084500000|  0%| F|  |TAMS 0x0000000084400000, 0x0000000084400000| Untracked 
|  69|0x0000000084500000, 0x0000000084500000, 0x0000000084600000|  0%| F|  |TAMS 0x0000000084500000, 0x0000000084500000| Untracked 
|  70|0x0000000084600000, 0x0000000084600000, 0x0000000084700000|  0%| F|  |TAMS 0x0000000084600000, 0x0000000084600000| Untracked 
|  71|0x0000000084700000, 0x0000000084700000, 0x0000000084800000|  0%| F|  |TAMS 0x0000000084700000, 0x0000000084700000| Untracked 
|  72|0x0000000084800000, 0x0000000084800000, 0x0000000084900000|  0%| F|  |TAMS 0x0000000084800000, 0x0000000084800000| Untracked 
|  73|0x0000000084900000, 0x0000000084900000, 0x0000000084a00000|  0%| F|  |TAMS 0x0000000084900000, 0x0000000084900000| Untracked 
|  74|0x0000000084a00000, 0x0000000084a00000, 0x0000000084b00000|  0%| F|  |TAMS 0x0000000084a00000, 0x0000000084a00000| Untracked 
|  75|0x0000000084b00000, 0x0000000084b00000, 0x0000000084c00000|  0%| F|  |TAMS 0x0000000084b00000, 0x0000000084b00000| Untracked 
|  76|0x0000000084c00000, 0x0000000084c00000, 0x0000000084d00000|  0%| F|  |TAMS 0x0000000084c00000, 0x0000000084c00000| Untracked 
|  77|0x0000000084d00000, 0x0000000084d00000, 0x0000000084e00000|  0%| F|  |TAMS 0x0000000084d00000, 0x0000000084d00000| Untracked 
|  78|0x0000000084e00000, 0x0000000084e00000, 0x0000000084f00000|  0%| F|  |TAMS 0x0000000084e00000, 0x0000000084e00000| Untracked 
|  79|0x0000000084f00000, 0x0000000084f00000, 0x0000000085000000|  0%| F|  |TAMS 0x0000000084f00000, 0x0000000084f00000| Untracked 
|  80|0x0000000085000000, 0x0000000085000000, 0x0000000085100000|  0%| F|  |TAMS 0x0000000085000000, 0x0000000085000000| Untracked 
|  81|0x0000000085100000, 0x0000000085100000, 0x0000000085200000|  0%| F|  |TAMS 0x0000000085100000, 0x0000000085100000| Untracked 
|  82|0x0000000085200000, 0x0000000085200000, 0x0000000085300000|  0%| F|  |TAMS 0x0000000085200000, 0x0000000085200000| Untracked 
|  83|0x0000000085300000, 0x0000000085300000, 0x0000000085400000|  0%| F|  |TAMS 0x0000000085300000, 0x0000000085300000| Untracked 
|  84|0x0000000085400000, 0x0000000085400000, 0x0000000085500000|  0%| F|  |TAMS 0x0000000085400000, 0x0000000085400000| Untracked 
|  85|0x0000000085500000, 0x0000000085500000, 0x0000000085600000|  0%| F|  |TAMS 0x0000000085500000, 0x0000000085500000| Untracked 
|  86|0x0000000085600000, 0x0000000085600000, 0x0000000085700000|  0%| F|  |TAMS 0x0000000085600000, 0x0000000085600000| Untracked 
|  87|0x0000000085700000, 0x0000000085700000, 0x0000000085800000|  0%| F|  |TAMS 0x0000000085700000, 0x0000000085700000| Untracked 
|  88|0x0000000085800000, 0x0000000085800000, 0x0000000085900000|  0%| F|  |TAMS 0x0000000085800000, 0x0000000085800000| Untracked 
|  89|0x0000000085900000, 0x0000000085900000, 0x0000000085a00000|  0%| F|  |TAMS 0x0000000085900000, 0x0000000085900000| Untracked 
|  90|0x0000000085a00000, 0x0000000085a00000, 0x0000000085b00000|  0%| F|  |TAMS 0x0000000085a00000, 0x0000000085a00000| Untracked 
|  91|0x0000000085b00000, 0x0000000085b00000, 0x0000000085c00000|  0%| F|  |TAMS 0x0000000085b00000, 0x0000000085b00000| Untracked 
|  92|0x0000000085c00000, 0x0000000085c00000, 0x0000000085d00000|  0%| F|  |TAMS 0x0000000085c00000, 0x0000000085c00000| Untracked 
|  93|0x0000000085d00000, 0x0000000085d00000, 0x0000000085e00000|  0%| F|  |TAMS 0x0000000085d00000, 0x0000000085d00000| Untracked 
|  94|0x0000000085e00000, 0x0000000085e00000, 0x0000000085f00000|  0%| F|  |TAMS 0x0000000085e00000, 0x0000000085e00000| Untracked 
|  95|0x0000000085f00000, 0x0000000085f00000, 0x0000000086000000|  0%| F|  |TAMS 0x0000000085f00000, 0x0000000085f00000| Untracked 
|  96|0x0000000086000000, 0x0000000086000000, 0x0000000086100000|  0%| F|  |TAMS 0x0000000086000000, 0x0000000086000000| Untracked 
|  97|0x0000000086100000, 0x0000000086100000, 0x0000000086200000|  0%| F|  |TAMS 0x0000000086100000, 0x0000000086100000| Untracked 
|  98|0x0000000086200000, 0x0000000086200000, 0x0000000086300000|  0%| F|  |TAMS 0x0000000086200000, 0x0000000086200000| Untracked 
|  99|0x0000000086300000, 0x0000000086300000, 0x0000000086400000|  0%| F|  |TAMS 0x0000000086300000, 0x0000000086300000| Untracked 
| 100|0x0000000086400000, 0x0000000086400000, 0x0000000086500000|  0%| F|  |TAMS 0x0000000086400000, 0x0000000086400000| Untracked 
| 101|0x0000000086500000, 0x0000000086500000, 0x0000000086600000|  0%| F|  |TAMS 0x0000000086500000, 0x0000000086500000| Untracked 
| 102|0x0000000086600000, 0x0000000086600000, 0x0000000086700000|  0%| F|  |TAMS 0x0000000086600000, 0x0000000086600000| Untracked 
| 103|0x0000000086700000, 0x0000000086700000, 0x0000000086800000|  0%| F|  |TAMS 0x0000000086700000, 0x0000000086700000| Untracked 
| 104|0x0000000086800000, 0x0000000086800000, 0x0000000086900000|  0%| F|  |TAMS 0x0000000086800000, 0x0000000086800000| Untracked 
| 105|0x0000000086900000, 0x0000000086900000, 0x0000000086a00000|  0%| F|  |TAMS 0x0000000086900000, 0x0000000086900000| Untracked 
| 106|0x0000000086a00000, 0x0000000086a00000, 0x0000000086b00000|  0%| F|  |TAMS 0x0000000086a00000, 0x0000000086a00000| Untracked 
| 107|0x0000000086b00000, 0x0000000086b00000, 0x0000000086c00000|  0%| F|  |TAMS 0x0000000086b00000, 0x0000000086b00000| Untracked 
| 108|0x0000000086c00000, 0x0000000086c00000, 0x0000000086d00000|  0%| F|  |TAMS 0x0000000086c00000, 0x0000000086c00000| Untracked 
| 109|0x0000000086d00000, 0x0000000086d00000, 0x0000000086e00000|  0%| F|  |TAMS 0x0000000086d00000, 0x0000000086d00000| Untracked 
| 110|0x0000000086e00000, 0x0000000086e00000, 0x0000000086f00000|  0%| F|  |TAMS 0x0000000086e00000, 0x0000000086e00000| Untracked 
| 111|0x0000000086f00000, 0x0000000086f00000, 0x0000000087000000|  0%| F|  |TAMS 0x0000000086f00000, 0x0000000086f00000| Untracked 
| 112|0x0000000087000000, 0x0000000087000000, 0x0000000087100000|  0%| F|  |TAMS 0x0000000087000000, 0x0000000087000000| Untracked 
| 113|0x0000000087100000, 0x0000000087100000, 0x0000000087200000|  0%| F|  |TAMS 0x0000000087100000, 0x0000000087100000| Untracked 
| 114|0x0000000087200000, 0x0000000087200000, 0x0000000087300000|  0%| F|  |TAMS 0x0000000087200000, 0x0000000087200000| Untracked 
| 115|0x0000000087300000, 0x0000000087300000, 0x0000000087400000|  0%| F|  |TAMS 0x0000000087300000, 0x0000000087300000| Untracked 
| 116|0x0000000087400000, 0x0000000087400000, 0x0000000087500000|  0%| F|  |TAMS 0x0000000087400000, 0x0000000087400000| Untracked 
| 117|0x0000000087500000, 0x0000000087500000, 0x0000000087600000|  0%| F|  |TAMS 0x0000000087500000, 0x0000000087500000| Untracked 
| 118|0x0000000087600000, 0x0000000087600000, 0x0000000087700000|  0%| F|  |TAMS 0x0000000087600000, 0x0000000087600000| Untracked 
| 119|0x0000000087700000, 0x0000000087700000, 0x0000000087800000|  0%| F|  |TAMS 0x0000000087700000, 0x0000000087700000| Untracked 
| 120|0x0000000087800000, 0x0000000087800000, 0x0000000087900000|  0%| F|  |TAMS 0x0000000087800000, 0x0000000087800000| Untracked 
| 121|0x0000000087900000, 0x0000000087900000, 0x0000000087a00000|  0%| F|  |TAMS 0x0000000087900000, 0x0000000087900000| Untracked 
| 122|0x0000000087a00000, 0x0000000087a00000, 0x0000000087b00000|  0%| F|  |TAMS 0x0000000087a00000, 0x0000000087a00000| Untracked 
| 123|0x0000000087b00000, 0x0000000087b00000, 0x0000000087c00000|  0%| F|  |TAMS 0x0000000087b00000, 0x0000000087b00000| Untracked 
| 124|0x0000000087c00000, 0x0000000087c00000, 0x0000000087d00000|  0%| F|  |TAMS 0x0000000087c00000, 0x0000000087c00000| Untracked 
| 125|0x0000000087d00000, 0x0000000087d00000, 0x0000000087e00000|  0%| F|  |TAMS 0x0000000087d00000, 0x0000000087d00000| Untracked 
| 126|0x0000000087e00000, 0x0000000087e00000, 0x0000000087f00000|  0%| F|  |TAMS 0x0000000087e00000, 0x0000000087e00000| Untracked 
| 127|0x0000000087f00000, 0x0000000087f00000, 0x0000000088000000|  0%| F|  |TAMS 0x0000000087f00000, 0x0000000087f00000| Untracked 
| 128|0x0000000088000000, 0x0000000088000000, 0x0000000088100000|  0%| F|  |TAMS 0x0000000088000000, 0x0000000088000000| Untracked 
| 129|0x0000000088100000, 0x0000000088100000, 0x0000000088200000|  0%| F|  |TAMS 0x0000000088100000, 0x0000000088100000| Untracked 
| 130|0x0000000088200000, 0x0000000088200000, 0x0000000088300000|  0%| F|  |TAMS 0x0000000088200000, 0x0000000088200000| Untracked 
| 131|0x0000000088300000, 0x0000000088300000, 0x0000000088400000|  0%| F|  |TAMS 0x0000000088300000, 0x0000000088300000| Untracked 
| 132|0x0000000088400000, 0x0000000088400000, 0x0000000088500000|  0%| F|  |TAMS 0x0000000088400000, 0x0000000088400000| Untracked 
| 133|0x0000000088500000, 0x0000000088500000, 0x0000000088600000|  0%| F|  |TAMS 0x0000000088500000, 0x0000000088500000| Untracked 
| 134|0x0000000088600000, 0x0000000088600000, 0x0000000088700000|  0%| F|  |TAMS 0x0000000088600000, 0x0000000088600000| Untracked 
| 135|0x0000000088700000, 0x0000000088700000, 0x0000000088800000|  0%| F|  |TAMS 0x0000000088700000, 0x0000000088700000| Untracked 
| 136|0x0000000088800000, 0x0000000088800000, 0x0000000088900000|  0%| F|  |TAMS 0x0000000088800000, 0x0000000088800000| Untracked 
| 137|0x0000000088900000, 0x0000000088900000, 0x0000000088a00000|  0%| F|  |TAMS 0x0000000088900000, 0x0000000088900000| Untracked 
| 138|0x0000000088a00000, 0x0000000088a00000, 0x0000000088b00000|  0%| F|  |TAMS 0x0000000088a00000, 0x0000000088a00000| Untracked 
| 139|0x0000000088b00000, 0x0000000088b00000, 0x0000000088c00000|  0%| F|  |TAMS 0x0000000088b00000, 0x0000000088b00000| Untracked 
| 140|0x0000000088c00000, 0x0000000088c00000, 0x0000000088d00000|  0%| F|  |TAMS 0x0000000088c00000, 0x0000000088c00000| Untracked 
| 141|0x0000000088d00000, 0x0000000088d00000, 0x0000000088e00000|  0%| F|  |TAMS 0x0000000088d00000, 0x0000000088d00000| Untracked 
| 142|0x0000000088e00000, 0x0000000088e00000, 0x0000000088f00000|  0%| F|  |TAMS 0x0000000088e00000, 0x0000000088e00000| Untracked 
| 143|0x0000000088f00000, 0x0000000088f00000, 0x0000000089000000|  0%| F|  |TAMS 0x0000000088f00000, 0x0000000088f00000| Untracked 
| 144|0x0000000089000000, 0x0000000089000000, 0x0000000089100000|  0%| F|  |TAMS 0x0000000089000000, 0x0000000089000000| Untracked 
| 145|0x0000000089100000, 0x0000000089100000, 0x0000000089200000|  0%| F|  |TAMS 0x0000000089100000, 0x0000000089100000| Untracked 
| 146|0x0000000089200000, 0x0000000089200000, 0x0000000089300000|  0%| F|  |TAMS 0x0000000089200000, 0x0000000089200000| Untracked 
| 147|0x0000000089300000, 0x0000000089300000, 0x0000000089400000|  0%| F|  |TAMS 0x0000000089300000, 0x0000000089300000| Untracked 
| 148|0x0000000089400000, 0x0000000089400000, 0x0000000089500000|  0%| F|  |TAMS 0x0000000089400000, 0x0000000089400000| Untracked 
| 149|0x0000000089500000, 0x0000000089500000, 0x0000000089600000|  0%| F|  |TAMS 0x0000000089500000, 0x0000000089500000| Untracked 
| 150|0x0000000089600000, 0x0000000089600000, 0x0000000089700000|  0%| F|  |TAMS 0x0000000089600000, 0x0000000089600000| Untracked 
| 151|0x0000000089700000, 0x0000000089700000, 0x0000000089800000|  0%| F|  |TAMS 0x0000000089700000, 0x0000000089700000| Untracked 
| 152|0x0000000089800000, 0x0000000089800000, 0x0000000089900000|  0%| F|  |TAMS 0x0000000089800000, 0x0000000089800000| Untracked 
| 153|0x0000000089900000, 0x0000000089900000, 0x0000000089a00000|  0%| F|  |TAMS 0x0000000089900000, 0x0000000089900000| Untracked 
| 154|0x0000000089a00000, 0x0000000089a00000, 0x0000000089b00000|  0%| F|  |TAMS 0x0000000089a00000, 0x0000000089a00000| Untracked 
| 155|0x0000000089b00000, 0x0000000089b00000, 0x0000000089c00000|  0%| F|  |TAMS 0x0000000089b00000, 0x0000000089b00000| Untracked 
| 156|0x0000000089c00000, 0x0000000089c00000, 0x0000000089d00000|  0%| F|  |TAMS 0x0000000089c00000, 0x0000000089c00000| Untracked 
| 157|0x0000000089d00000, 0x0000000089d00000, 0x0000000089e00000|  0%| F|  |TAMS 0x0000000089d00000, 0x0000000089d00000| Untracked 
| 158|0x0000000089e00000, 0x0000000089e00000, 0x0000000089f00000|  0%| F|  |TAMS 0x0000000089e00000, 0x0000000089e00000| Untracked 
| 159|0x0000000089f00000, 0x0000000089f00000, 0x000000008a000000|  0%| F|  |TAMS 0x0000000089f00000, 0x0000000089f00000| Untracked 
| 160|0x000000008a000000, 0x000000008a000000, 0x000000008a100000|  0%| F|  |TAMS 0x000000008a000000, 0x000000008a000000| Untracked 
| 161|0x000000008a100000, 0x000000008a100000, 0x000000008a200000|  0%| F|  |TAMS 0x000000008a100000, 0x000000008a100000| Untracked 
| 162|0x000000008a200000, 0x000000008a200000, 0x000000008a300000|  0%| F|  |TAMS 0x000000008a200000, 0x000000008a200000| Untracked 
| 163|0x000000008a300000, 0x000000008a300000, 0x000000008a400000|  0%| F|  |TAMS 0x000000008a300000, 0x000000008a300000| Untracked 
| 164|0x000000008a400000, 0x000000008a400000, 0x000000008a500000|  0%| F|  |TAMS 0x000000008a400000, 0x000000008a400000| Untracked 
| 165|0x000000008a500000, 0x000000008a500000, 0x000000008a600000|  0%| F|  |TAMS 0x000000008a500000, 0x000000008a500000| Untracked 
| 166|0x000000008a600000, 0x000000008a600000, 0x000000008a700000|  0%| F|  |TAMS 0x000000008a600000, 0x000000008a600000| Untracked 
| 167|0x000000008a700000, 0x000000008a700000, 0x000000008a800000|  0%| F|  |TAMS 0x000000008a700000, 0x000000008a700000| Untracked 
| 168|0x000000008a800000, 0x000000008a800000, 0x000000008a900000|  0%| F|  |TAMS 0x000000008a800000, 0x000000008a800000| Untracked 
| 169|0x000000008a900000, 0x000000008a900000, 0x000000008aa00000|  0%| F|  |TAMS 0x000000008a900000, 0x000000008a900000| Untracked 
| 170|0x000000008aa00000, 0x000000008aa00000, 0x000000008ab00000|  0%| F|  |TAMS 0x000000008aa00000, 0x000000008aa00000| Untracked 
| 171|0x000000008ab00000, 0x000000008ab00000, 0x000000008ac00000|  0%| F|  |TAMS 0x000000008ab00000, 0x000000008ab00000| Untracked 
| 172|0x000000008ac00000, 0x000000008ac00000, 0x000000008ad00000|  0%| F|  |TAMS 0x000000008ac00000, 0x000000008ac00000| Untracked 
| 173|0x000000008ad00000, 0x000000008ad00000, 0x000000008ae00000|  0%| F|  |TAMS 0x000000008ad00000, 0x000000008ad00000| Untracked 
| 174|0x000000008ae00000, 0x000000008ae00000, 0x000000008af00000|  0%| F|  |TAMS 0x000000008ae00000, 0x000000008ae00000| Untracked 
| 175|0x000000008af00000, 0x000000008af00000, 0x000000008b000000|  0%| F|  |TAMS 0x000000008af00000, 0x000000008af00000| Untracked 
| 176|0x000000008b000000, 0x000000008b000000, 0x000000008b100000|  0%| F|  |TAMS 0x000000008b000000, 0x000000008b000000| Untracked 
| 177|0x000000008b100000, 0x000000008b100000, 0x000000008b200000|  0%| F|  |TAMS 0x000000008b100000, 0x000000008b100000| Untracked 
| 178|0x000000008b200000, 0x000000008b200000, 0x000000008b300000|  0%| F|  |TAMS 0x000000008b200000, 0x000000008b200000| Untracked 
| 179|0x000000008b300000, 0x000000008b300000, 0x000000008b400000|  0%| F|  |TAMS 0x000000008b300000, 0x000000008b300000| Untracked 
| 180|0x000000008b400000, 0x000000008b400000, 0x000000008b500000|  0%| F|  |TAMS 0x000000008b400000, 0x000000008b400000| Untracked 
| 181|0x000000008b500000, 0x000000008b500000, 0x000000008b600000|  0%| F|  |TAMS 0x000000008b500000, 0x000000008b500000| Untracked 
| 182|0x000000008b600000, 0x000000008b600000, 0x000000008b700000|  0%| F|  |TAMS 0x000000008b600000, 0x000000008b600000| Untracked 
| 183|0x000000008b700000, 0x000000008b700000, 0x000000008b800000|  0%| F|  |TAMS 0x000000008b700000, 0x000000008b700000| Untracked 
| 184|0x000000008b800000, 0x000000008b800000, 0x000000008b900000|  0%| F|  |TAMS 0x000000008b800000, 0x000000008b800000| Untracked 
| 185|0x000000008b900000, 0x000000008b900000, 0x000000008ba00000|  0%| F|  |TAMS 0x000000008b900000, 0x000000008b900000| Untracked 
| 186|0x000000008ba00000, 0x000000008ba80000, 0x000000008bb00000| 50%| E|  |TAMS 0x000000008ba00000, 0x000000008ba00000| Complete 
| 187|0x000000008bb00000, 0x000000008bc00000, 0x000000008bc00000|100%| E|CS|TAMS 0x000000008bb00000, 0x000000008bb00000| Complete 
| 188|0x000000008bc00000, 0x000000008bd00000, 0x000000008bd00000|100%| E|CS|TAMS 0x000000008bc00000, 0x000000008bc00000| Complete 
| 189|0x000000008bd00000, 0x000000008be00000, 0x000000008be00000|100%| E|CS|TAMS 0x000000008bd00000, 0x000000008bd00000| Complete 
| 190|0x000000008be00000, 0x000000008bf00000, 0x000000008bf00000|100%| E|CS|TAMS 0x000000008be00000, 0x000000008be00000| Complete 
| 191|0x000000008bf00000, 0x000000008c000000, 0x000000008c000000|100%| E|CS|TAMS 0x000000008bf00000, 0x000000008bf00000| Complete 
| 192|0x000000008c000000, 0x000000008c100000, 0x000000008c100000|100%| E|CS|TAMS 0x000000008c000000, 0x000000008c000000| Complete 
| 193|0x000000008c100000, 0x000000008c200000, 0x000000008c200000|100%| E|CS|TAMS 0x000000008c100000, 0x000000008c100000| Complete 
| 194|0x000000008c200000, 0x000000008c300000, 0x000000008c300000|100%| E|CS|TAMS 0x000000008c200000, 0x000000008c200000| Complete 
| 195|0x000000008c300000, 0x000000008c400000, 0x000000008c400000|100%| E|CS|TAMS 0x000000008c300000, 0x000000008c300000| Complete 
| 196|0x000000008c400000, 0x000000008c500000, 0x000000008c500000|100%| E|CS|TAMS 0x000000008c400000, 0x000000008c400000| Complete 
| 197|0x000000008c500000, 0x000000008c600000, 0x000000008c600000|100%| E|CS|TAMS 0x000000008c500000, 0x000000008c500000| Complete 
| 198|0x000000008c600000, 0x000000008c700000, 0x000000008c700000|100%| E|CS|TAMS 0x000000008c600000, 0x000000008c600000| Complete 
| 199|0x000000008c700000, 0x000000008c800000, 0x000000008c800000|100%| E|CS|TAMS 0x000000008c700000, 0x000000008c700000| Complete 
| 200|0x000000008c800000, 0x000000008c900000, 0x000000008c900000|100%| E|CS|TAMS 0x000000008c800000, 0x000000008c800000| Complete 
| 201|0x000000008c900000, 0x000000008ca00000, 0x000000008ca00000|100%| E|CS|TAMS 0x000000008c900000, 0x000000008c900000| Complete 
| 202|0x000000008ca00000, 0x000000008cb00000, 0x000000008cb00000|100%| E|CS|TAMS 0x000000008ca00000, 0x000000008ca00000| Complete 
| 203|0x000000008cb00000, 0x000000008cc00000, 0x000000008cc00000|100%| E|CS|TAMS 0x000000008cb00000, 0x000000008cb00000| Complete 
| 204|0x000000008cc00000, 0x000000008cd00000, 0x000000008cd00000|100%| E|CS|TAMS 0x000000008cc00000, 0x000000008cc00000| Complete 
| 205|0x000000008cd00000, 0x000000008ce00000, 0x000000008ce00000|100%| E|CS|TAMS 0x000000008cd00000, 0x000000008cd00000| Complete 
| 206|0x000000008ce00000, 0x000000008cf00000, 0x000000008cf00000|100%| E|CS|TAMS 0x000000008ce00000, 0x000000008ce00000| Complete 
| 207|0x000000008cf00000, 0x000000008d000000, 0x000000008d000000|100%| E|CS|TAMS 0x000000008cf00000, 0x000000008cf00000| Complete 
| 208|0x000000008d000000, 0x000000008d100000, 0x000000008d100000|100%| E|CS|TAMS 0x000000008d000000, 0x000000008d000000| Complete 
| 209|0x000000008d100000, 0x000000008d200000, 0x000000008d200000|100%| E|CS|TAMS 0x000000008d100000, 0x000000008d100000| Complete 
| 210|0x000000008d200000, 0x000000008d300000, 0x000000008d300000|100%| E|CS|TAMS 0x000000008d200000, 0x000000008d200000| Complete 
| 211|0x000000008d300000, 0x000000008d400000, 0x000000008d400000|100%| E|CS|TAMS 0x000000008d300000, 0x000000008d300000| Complete 
| 212|0x000000008d400000, 0x000000008d500000, 0x000000008d500000|100%| E|CS|TAMS 0x000000008d400000, 0x000000008d400000| Complete 
| 213|0x000000008d500000, 0x000000008d600000, 0x000000008d600000|100%| E|CS|TAMS 0x000000008d500000, 0x000000008d500000| Complete 
| 214|0x000000008d600000, 0x000000008d700000, 0x000000008d700000|100%| E|CS|TAMS 0x000000008d600000, 0x000000008d600000| Complete 
| 215|0x000000008d700000, 0x000000008d800000, 0x000000008d800000|100%| E|CS|TAMS 0x000000008d700000, 0x000000008d700000| Complete 
| 216|0x000000008d800000, 0x000000008d900000, 0x000000008d900000|100%| E|CS|TAMS 0x000000008d800000, 0x000000008d800000| Complete 
| 217|0x000000008d900000, 0x000000008da00000, 0x000000008da00000|100%| E|CS|TAMS 0x000000008d900000, 0x000000008d900000| Complete 
| 218|0x000000008da00000, 0x000000008db00000, 0x000000008db00000|100%| E|CS|TAMS 0x000000008da00000, 0x000000008da00000| Complete 
| 219|0x000000008db00000, 0x000000008dc00000, 0x000000008dc00000|100%| E|CS|TAMS 0x000000008db00000, 0x000000008db00000| Complete 
| 220|0x000000008dc00000, 0x000000008dc32ab0, 0x000000008dd00000| 19%| S|CS|TAMS 0x000000008dc00000, 0x000000008dc00000| Complete 
| 221|0x000000008dd00000, 0x000000008de00000, 0x000000008de00000|100%| S|CS|TAMS 0x000000008dd00000, 0x000000008dd00000| Complete 
| 222|0x000000008de00000, 0x000000008df00000, 0x000000008df00000|100%| S|CS|TAMS 0x000000008de00000, 0x000000008de00000| Complete 
| 223|0x000000008df00000, 0x000000008e000000, 0x000000008e000000|100%| E|CS|TAMS 0x000000008df00000, 0x000000008df00000| Complete 
| 224|0x000000008e000000, 0x000000008e100000, 0x000000008e100000|100%| E|CS|TAMS 0x000000008e000000, 0x000000008e000000| Complete 
| 225|0x000000008e100000, 0x000000008e200000, 0x000000008e200000|100%| E|CS|TAMS 0x000000008e100000, 0x000000008e100000| Complete 
| 226|0x000000008e200000, 0x000000008e300000, 0x000000008e300000|100%| E|CS|TAMS 0x000000008e200000, 0x000000008e200000| Complete 
| 227|0x000000008e300000, 0x000000008e400000, 0x000000008e400000|100%| E|CS|TAMS 0x000000008e300000, 0x000000008e300000| Complete 
| 228|0x000000008e400000, 0x000000008e500000, 0x000000008e500000|100%| E|CS|TAMS 0x000000008e400000, 0x000000008e400000| Complete 
| 229|0x000000008e500000, 0x000000008e600000, 0x000000008e600000|100%| E|CS|TAMS 0x000000008e500000, 0x000000008e500000| Complete 
| 230|0x000000008e600000, 0x000000008e700000, 0x000000008e700000|100%| E|CS|TAMS 0x000000008e600000, 0x000000008e600000| Complete 
| 231|0x000000008e700000, 0x000000008e800000, 0x000000008e800000|100%| E|CS|TAMS 0x000000008e700000, 0x000000008e700000| Complete 
| 232|0x000000008e800000, 0x000000008e900000, 0x000000008e900000|100%| E|CS|TAMS 0x000000008e800000, 0x000000008e800000| Complete 
| 233|0x000000008e900000, 0x000000008ea00000, 0x000000008ea00000|100%| E|CS|TAMS 0x000000008e900000, 0x000000008e900000| Complete 
| 234|0x000000008ea00000, 0x000000008eb00000, 0x000000008eb00000|100%| E|CS|TAMS 0x000000008ea00000, 0x000000008ea00000| Complete 
| 235|0x000000008eb00000, 0x000000008ec00000, 0x000000008ec00000|100%| E|CS|TAMS 0x000000008eb00000, 0x000000008eb00000| Complete 
| 236|0x000000008ec00000, 0x000000008ed00000, 0x000000008ed00000|100%| E|CS|TAMS 0x000000008ec00000, 0x000000008ec00000| Complete 
| 237|0x000000008ed00000, 0x000000008ee00000, 0x000000008ee00000|100%| E|CS|TAMS 0x000000008ed00000, 0x000000008ed00000| Complete 
| 238|0x000000008ee00000, 0x000000008ef00000, 0x000000008ef00000|100%| E|CS|TAMS 0x000000008ee00000, 0x000000008ee00000| Complete 
| 239|0x000000008ef00000, 0x000000008f000000, 0x000000008f000000|100%| E|CS|TAMS 0x000000008ef00000, 0x000000008ef00000| Complete 
| 240|0x000000008f000000, 0x000000008f100000, 0x000000008f100000|100%| E|CS|TAMS 0x000000008f000000, 0x000000008f000000| Complete 
| 241|0x000000008f100000, 0x000000008f200000, 0x000000008f200000|100%| E|CS|TAMS 0x000000008f100000, 0x000000008f100000| Complete 
| 242|0x000000008f200000, 0x000000008f300000, 0x000000008f300000|100%| E|CS|TAMS 0x000000008f200000, 0x000000008f200000| Complete 
| 243|0x000000008f300000, 0x000000008f400000, 0x000000008f400000|100%| E|CS|TAMS 0x000000008f300000, 0x000000008f300000| Complete 
| 244|0x000000008f400000, 0x000000008f500000, 0x000000008f500000|100%| E|CS|TAMS 0x000000008f400000, 0x000000008f400000| Complete 
| 245|0x000000008f500000, 0x000000008f600000, 0x000000008f600000|100%| E|CS|TAMS 0x000000008f500000, 0x000000008f500000| Complete 
| 246|0x000000008f600000, 0x000000008f700000, 0x000000008f700000|100%| E|CS|TAMS 0x000000008f600000, 0x000000008f600000| Complete 
| 247|0x000000008f700000, 0x000000008f800000, 0x000000008f800000|100%| E|CS|TAMS 0x000000008f700000, 0x000000008f700000| Complete 
| 248|0x000000008f800000, 0x000000008f900000, 0x000000008f900000|100%| E|CS|TAMS 0x000000008f800000, 0x000000008f800000| Complete 
| 249|0x000000008f900000, 0x000000008fa00000, 0x000000008fa00000|100%| E|CS|TAMS 0x000000008f900000, 0x000000008f900000| Complete 
| 250|0x000000008fa00000, 0x000000008fb00000, 0x000000008fb00000|100%| E|CS|TAMS 0x000000008fa00000, 0x000000008fa00000| Complete 
| 251|0x000000008fb00000, 0x000000008fc00000, 0x000000008fc00000|100%| E|CS|TAMS 0x000000008fb00000, 0x000000008fb00000| Complete 
| 252|0x000000008fc00000, 0x000000008fd00000, 0x000000008fd00000|100%| E|CS|TAMS 0x000000008fc00000, 0x000000008fc00000| Complete 
| 253|0x000000008fd00000, 0x000000008fe00000, 0x000000008fe00000|100%| E|CS|TAMS 0x000000008fd00000, 0x000000008fd00000| Complete 

Card table byte_map: [0x000001e45dac0000,0x000001e45dec0000] _byte_map_base: 0x000001e45d6c0000

Marking Bits (Prev, Next): (CMBitMap*) 0x000001e44687ed10, (CMBitMap*) 0x000001e44687ed50
 Prev Bits: [0x000001e45e2c0000, 0x000001e4602c0000)
 Next Bits: [0x000001e4602c0000, 0x000001e4622c0000)

Polling page: 0x000001e4449c0000

Metaspace:

Usage:
  Non-class:     12.84 MB used.
      Class:      2.10 MB used.
       Both:     14.94 MB used.

Virtual space:
  Non-class space:       64.00 MB reserved,      12.94 MB ( 20%) committed,  1 nodes.
      Class space:        1.00 GB reserved,       2.25 MB ( <1%) committed,  1 nodes.
             Both:        1.06 GB reserved,      15.19 MB (  1%) committed. 

Chunk freelists:
   Non-Class:  2.81 MB
       Class:  13.57 MB
        Both:  16.39 MB

MaxMetaspaceSize: unlimited
CompressedClassSpaceSize: 1.00 GB
Initial GC threshold: 21.00 MB
Current GC threshold: 21.00 MB
CDS: on
MetaspaceReclaimPolicy: balanced
 - commit_granule_bytes: 65536.
 - commit_granule_words: 8192.
 - virtual_space_node_default_size: 8388608.
 - enlarge_chunks_in_place: 1.
 - new_chunks_are_fully_committed: 0.
 - uncommit_free_chunks: 1.
 - use_allocation_guard: 0.
 - handle_deallocations: 1.


Internal statistics:

num_allocs_failed_limit: 0.
num_arena_births: 204.
num_arena_deaths: 0.
num_vsnodes_births: 2.
num_vsnodes_deaths: 0.
num_space_committed: 243.
num_space_uncommitted: 0.
num_chunks_returned_to_freelist: 0.
num_chunks_taken_from_freelist: 673.
num_chunk_merges: 0.
num_chunk_splits: 457.
num_chunks_enlarged: 342.
num_inconsistent_stats: 0.

CodeHeap 'non-profiled nmethods': size=120000Kb used=1258Kb max_used=1258Kb free=118741Kb
 bounds [0x000001e455e60000, 0x000001e4560d0000, 0x000001e45d390000]
CodeHeap 'profiled nmethods': size=120000Kb used=4598Kb max_used=4598Kb free=115401Kb
 bounds [0x000001e44e390000, 0x000001e44e810000, 0x000001e4558c0000]
CodeHeap 'non-nmethods': size=5760Kb used=1225Kb max_used=1293Kb free=4534Kb
 bounds [0x000001e4558c0000, 0x000001e455b30000, 0x000001e455e60000]
 total_blobs=2851 nmethods=2315 adapters=449
 compilation: enabled
              stopped_count=0, restarted_count=0
 full_count=0

Compilation events (20 events):
Event: 2.552 Thread 0x000001e469017b70 nmethod 2308 0x000001e44e7fdd90 code [0x000001e44e7fdf80, 0x000001e44e7fe348]
Event: 2.552 Thread 0x000001e469017b70 2309       3       jdk.internal.org.objectweb.asm.FieldVisitor::<init> (7 bytes)
Event: 2.552 Thread 0x000001e469017b70 nmethod 2309 0x000001e44e7fe590 code [0x000001e44e7fe740, 0x000001e44e7fe888]
Event: 2.553 Thread 0x000001e469017b70 2311       3       jdk.internal.reflect.ByteVectorImpl::get (26 bytes)
Event: 2.553 Thread 0x000001e469017b70 nmethod 2311 0x000001e44e7fe910 code [0x000001e44e7feac0, 0x000001e44e7fec88]
Event: 2.554 Thread 0x000001e469017b70 2312  s    3       java.io.ByteArrayOutputStream::write (43 bytes)
Event: 2.555 Thread 0x000001e469017b70 nmethod 2312 0x000001e44e7fed90 code [0x000001e44e7fef80, 0x000001e44e7ff408]
Event: 2.555 Thread 0x000001e469017b70 2313       3       sun.security.provider.SHA::implCompress (13 bytes)
Event: 2.555 Thread 0x000001e469017b70 nmethod 2313 0x000001e44e7ff610 code [0x000001e44e7ff800, 0x000001e44e7ffc48]
Event: 2.555 Thread 0x000001e469017b70 2314       3       sun.security.provider.SHA::implCompressCheck (27 bytes)
Event: 2.555 Thread 0x000001e469017b70 nmethod 2314 0x000001e44e7ffe10 code [0x000001e44e7fffe0, 0x000001e44e800398]
Event: 2.555 Thread 0x000001e469017b70 2315       3       java.lang.invoke.VarHandleGuards::guard_LLL_Z (86 bytes)
Event: 2.557 Thread 0x000001e469017b70 nmethod 2315 0x000001e44e800510 code [0x000001e44e800860, 0x000001e44e8026a8]
Event: 2.557 Thread 0x000001e469017b70 2316   !   3       org.gradle.internal.service.DefaultServiceRegistry$SingletonService::prepare (111 bytes)
Event: 2.558 Thread 0x000001e469017b70 nmethod 2316 0x000001e44e802f10 code [0x000001e44e8031c0, 0x000001e44e803da8]
Event: 2.558 Thread 0x000001e469017b70 2317       3       java.util.ArrayList::contains (14 bytes)
Event: 2.558 Thread 0x000001e469017b70 nmethod 2317 0x000001e44e804290 code [0x000001e44e804440, 0x000001e44e804668]
Event: 2.558 Thread 0x000001e469017b70 2318       3       java.util.ArrayList::indexOf (11 bytes)
Event: 2.558 Thread 0x000001e469017b70 nmethod 2318 0x000001e44e804790 code [0x000001e44e804940, 0x000001e44e804a88]
Event: 2.558 Thread 0x000001e469017b70 2320       3       sun.security.provider.ByteArrayAccess::b2iBig64 (231 bytes)

GC Heap History (4 events):
Event: 0.597 GC heap before
{Heap before GC invocations=0 (full 0):
 garbage-first heap   total 260096K, used 27648K [0x0000000080000000, 0x0000000100000000)
  region size 1024K, 23 young (23552K), 0 survivors (0K)
 Metaspace       used 3101K, committed 3200K, reserved 1114112K
  class space    used 396K, committed 448K, reserved 1048576K
}
Event: 0.602 GC heap after
{Heap after GC invocations=1 (full 0):
 garbage-first heap   total 260096K, used 10762K [0x0000000080000000, 0x0000000100000000)
  region size 1024K, 3 young (3072K), 3 survivors (3072K)
 Metaspace       used 3101K, committed 3200K, reserved 1114112K
  class space    used 396K, committed 448K, reserved 1048576K
}
Event: 1.011 GC heap before
{Heap before GC invocations=1 (full 0):
 garbage-first heap   total 260096K, used 39434K [0x0000000080000000, 0x0000000100000000)
  region size 1024K, 31 young (31744K), 3 survivors (3072K)
 Metaspace       used 4060K, committed 4224K, reserved 1114112K
  class space    used 495K, committed 576K, reserved 1048576K
}
Event: 1.014 GC heap after
{Heap after GC invocations=2 (full 0):
 garbage-first heap   total 260096K, used 12879K [0x0000000080000000, 0x0000000100000000)
  region size 1024K, 3 young (3072K), 3 survivors (3072K)
 Metaspace       used 4060K, committed 4224K, reserved 1114112K
  class space    used 495K, committed 576K, reserved 1048576K
}

Dll operation events (15 events):
Event: 0.009 Loaded shared library C:\Program Files\Microsoft\jdk-17.0.18.8-hotspot\bin\java.dll
Event: 0.027 Loaded shared library C:\Program Files\Microsoft\jdk-17.0.18.8-hotspot\bin\jsvml.dll
Event: 0.084 Loaded shared library C:\Program Files\Microsoft\jdk-17.0.18.8-hotspot\bin\zip.dll
Event: 0.086 Loaded shared library C:\Program Files\Microsoft\jdk-17.0.18.8-hotspot\bin\instrument.dll
Event: 0.090 Loaded shared library C:\Program Files\Microsoft\jdk-17.0.18.8-hotspot\bin\net.dll
Event: 0.092 Loaded shared library C:\Program Files\Microsoft\jdk-17.0.18.8-hotspot\bin\nio.dll
Event: 0.095 Loaded shared library C:\Program Files\Microsoft\jdk-17.0.18.8-hotspot\bin\zip.dll
Event: 0.237 Loaded shared library C:\Program Files\Microsoft\jdk-17.0.18.8-hotspot\bin\jimage.dll
Event: 0.320 Loaded shared library C:\Program Files\Microsoft\jdk-17.0.18.8-hotspot\bin\verify.dll
Event: 0.472 Loaded shared library D:\gradle_cache\native\c067742578af261105cb4f569cf0c3c89f3d7b1fecec35dd04571415982c5e48\windows-amd64\native-platform.dll
Event: 0.477 Loaded shared library D:\gradle_cache\native\38dada09dfb8b06ba9b0570ebf7e218e3eb74d4ef43ca46872605cf95ebc2f47\windows-amd64\native-platform-file-events.dll
Event: 1.421 Loaded shared library C:\Program Files\Microsoft\jdk-17.0.18.8-hotspot\bin\management.dll
Event: 1.424 Loaded shared library C:\Program Files\Microsoft\jdk-17.0.18.8-hotspot\bin\management_ext.dll
Event: 1.665 Loaded shared library C:\Program Files\Microsoft\jdk-17.0.18.8-hotspot\bin\extnet.dll
Event: 2.026 Loaded shared library C:\Program Files\Microsoft\jdk-17.0.18.8-hotspot\bin\sunmscapi.dll

Deoptimization events (20 events):
Event: 2.209 Thread 0x000001e46a4d3910 Uncommon trap: trap_request=0xffffff45 fr.pc=0x000001e455f1c1b0 relative=0x0000000000000290
Event: 2.209 Thread 0x000001e46a4d3910 Uncommon trap: reason=unstable_if action=reinterpret pc=0x000001e455f1c1b0 method=java.util.concurrent.ConcurrentHashMap.get(Ljava/lang/Object;)Ljava/lang/Object; @ 152 c2
Event: 2.209 Thread 0x000001e46a4d3910 DEOPT PACKING pc=0x000001e455f1c1b0 sp=0x0000004af78fb880
Event: 2.209 Thread 0x000001e46a4d3910 DEOPT UNPACKING pc=0x000001e4559169a3 sp=0x0000004af78fb7e8 mode 2
Event: 2.368 Thread 0x000001e46a4d3910 Uncommon trap: trap_request=0xffffff45 fr.pc=0x000001e455f39644 relative=0x00000000000001a4
Event: 2.368 Thread 0x000001e46a4d3910 Uncommon trap: reason=unstable_if action=reinterpret pc=0x000001e455f39644 method=java.util.WeakHashMap.expungeStaleEntries()V @ 9 c2
Event: 2.368 Thread 0x000001e46a4d3910 DEOPT PACKING pc=0x000001e455f39644 sp=0x0000004af78fbc00
Event: 2.368 Thread 0x000001e46a4d3910 DEOPT UNPACKING pc=0x000001e4559169a3 sp=0x0000004af78fbb98 mode 2
Event: 2.427 Thread 0x000001e46a4d3910 Uncommon trap: trap_request=0xffffff45 fr.pc=0x000001e455e7f874 relative=0x00000000000001d4
Event: 2.427 Thread 0x000001e46a4d3910 Uncommon trap: reason=unstable_if action=reinterpret pc=0x000001e455e7f874 method=java.util.regex.Matcher.reset()Ljava/util/regex/Matcher; @ 47 c2
Event: 2.427 Thread 0x000001e46a4d3910 DEOPT PACKING pc=0x000001e455e7f874 sp=0x0000004af78fb090
Event: 2.427 Thread 0x000001e46a4d3910 DEOPT UNPACKING pc=0x000001e4559169a3 sp=0x0000004af78fb020 mode 2
Event: 2.469 Thread 0x000001e46a4d3910 Uncommon trap: trap_request=0xffffff45 fr.pc=0x000001e455e83b2c relative=0x0000000000000b0c
Event: 2.469 Thread 0x000001e46a4d3910 Uncommon trap: reason=unstable_if action=reinterpret pc=0x000001e455e83b2c method=java.io.WinNTFileSystem.resolve(Ljava/lang/String;Ljava/lang/String;)Ljava/lang/String; @ 19 c2
Event: 2.469 Thread 0x000001e46a4d3910 DEOPT PACKING pc=0x000001e455e83b2c sp=0x0000004af78fcf30
Event: 2.470 Thread 0x000001e46a4d3910 DEOPT UNPACKING pc=0x000001e4559169a3 sp=0x0000004af78fced8 mode 2
Event: 2.471 Thread 0x000001e46a4d3910 Uncommon trap: trap_request=0xffffff45 fr.pc=0x000001e455ee2678 relative=0x0000000000000638
Event: 2.471 Thread 0x000001e46a4d3910 Uncommon trap: reason=unstable_if action=reinterpret pc=0x000001e455ee2678 method=java.io.File.getName()Ljava/lang/String; @ 16 c2
Event: 2.471 Thread 0x000001e46a4d3910 DEOPT PACKING pc=0x000001e455ee2678 sp=0x0000004af78fced0
Event: 2.471 Thread 0x000001e46a4d3910 DEOPT UNPACKING pc=0x000001e4559169a3 sp=0x0000004af78fcea0 mode 2

Classes loaded (20 events):
Event: 2.552 Loading class java/io/ObjectStreamClass$FieldReflectorKey
Event: 2.552 Loading class java/io/ObjectStreamClass$FieldReflectorKey done
Event: 2.553 Loading class java/io/ObjectStreamClass$FieldReflector
Event: 2.553 Loading class java/io/ObjectStreamClass$FieldReflector done
Event: 2.554 Loading class java/io/ObjectStreamClass$1
Event: 2.554 Loading class java/io/ObjectStreamClass$1 done
Event: 2.554 Loading class java/io/ObjectStreamClass$MemberSignature
Event: 2.554 Loading class java/io/ObjectStreamClass$MemberSignature done
Event: 2.554 Loading class java/io/ObjectStreamClass$3
Event: 2.554 Loading class java/io/ObjectStreamClass$3 done
Event: 2.554 Loading class java/io/ObjectStreamClass$4
Event: 2.554 Loading class java/io/ObjectStreamClass$4 done
Event: 2.554 Loading class java/io/ObjectStreamClass$5
Event: 2.554 Loading class java/io/ObjectStreamClass$5 done
Event: 2.555 Loading class java/io/ObjectStreamClass$ClassDataSlot
Event: 2.555 Loading class java/io/ObjectStreamClass$ClassDataSlot done
Event: 2.556 Loading class jdk/internal/reflect/UnsafeQualifiedStaticLongFieldAccessorImpl
Event: 2.556 Loading class jdk/internal/reflect/UnsafeQualifiedStaticLongFieldAccessorImpl done
Event: 2.556 Loading class java/nio/charset/CharacterCodingException
Event: 2.557 Loading class java/nio/charset/CharacterCodingException done

Classes unloaded (0 events):
No events

Classes redefined (0 events):
No events

Internal exceptions (20 events):
Event: 1.968 Thread 0x000001e44681f8c0 Exception <a 'java/io/IOException'{0x000000008e1d5e18}> (0x000000008e1d5e18) 
thrown [s\src\hotspot\share\prims\jni.cpp, line 516]
Event: 2.128 Thread 0x000001e46a4d3910 Exception <a 'java/lang/NoSuchMethodError'{0x000000008d513468}: 'long java.lang.invoke.DirectMethodHandle$Holder.invokeInterface(java.lang.Object, java.lang.Object)'> (0x000000008d513468) 
thrown [s\src\hotspot\share\interpreter\linkResolver.cpp, line 759]
Event: 2.132 Thread 0x000001e46a4d3910 Exception <a 'java/lang/NoSuchMethodError'{0x000000008d54af30}: 'java.lang.Object java.lang.invoke.DirectMethodHandle$Holder.invokeVirtual(java.lang.Object, java.lang.Object, java.lang.Object)'> (0x000000008d54af30) 
thrown [s\src\hotspot\share\interpreter\linkResolver.cpp, line 759]
Event: 2.176 Thread 0x000001e46a4d3910 Exception <a 'java/lang/NoSuchMethodError'{0x000000008d2f8ca0}: 'void java.lang.invoke.DirectMethodHandle$Holder.invokeStatic(java.lang.Object, java.lang.Object)'> (0x000000008d2f8ca0) 
thrown [s\src\hotspot\share\interpreter\linkResolver.cpp, line 759]
Event: 2.243 Thread 0x000001e46a4d3910 Exception <a 'java/lang/NoSuchMethodError'{0x000000008cd5d760}: 'java.lang.Object java.lang.invoke.DirectMethodHandle$Holder.newInvokeSpecial(java.lang.Object, java.lang.Object, java.lang.Object, java.lang.Object, java.lang.Object, java.lang.Object)'> (0x000000008cd5d760) 
thrown [s\src\hotspot\share\interpreter\linkResolver.cpp, line 759]
Event: 2.245 Thread 0x000001e46a4d3910 Exception <a 'java/lang/NoSuchMethodError'{0x000000008cd751e8}: 'void java.lang.invoke.DirectMethodHandle$Holder.invokeSpecial(java.lang.Object, java.lang.Object, java.lang.Object, java.lang.Object, java.lang.Object)'> (0x000000008cd751e8) 
thrown [s\src\hotspot\share\interpreter\linkResolver.cpp, line 759]
Event: 2.246 Thread 0x000001e46a4d3910 Exception <a 'java/lang/NoSuchMethodError'{0x000000008cd89590}: 'void java.lang.invoke.DirectMethodHandle$Holder.invokeStaticInit(java.lang.Object, java.lang.Object)'> (0x000000008cd89590) 
thrown [s\src\hotspot\share\interpreter\linkResolver.cpp, line 759]
Event: 2.265 Thread 0x000001e46a4d3910 Exception <a 'java/lang/NoSuchMethodError'{0x000000008cc92900}: 'java.lang.Object java.lang.invoke.DirectMethodHandle$Holder.newInvokeSpecial(java.lang.Object, java.lang.Object, java.lang.Object, int, java.lang.Object, java.lang.Object)'> (0x000000008cc92900) 
thrown [s\src\hotspot\share\interpreter\linkResolver.cpp, line 759]
Event: 2.291 Thread 0x000001e46a4d3910 Exception <a 'java/lang/NoSuchMethodError'{0x000000008ca4f3a0}: 'void java.lang.invoke.DelegatingMethodHandle$Holder.reinvoke_L(java.lang.Object, java.lang.Object, java.lang.Object, java.lang.Object, java.lang.Object, java.lang.Object, java.lang.Object, java.lang.Object, java.lang.Object, java.lang.Object)'> (0x000000008ca4f3a0) 
thrown [s\src\hotspot\share\interpreter\linkResolver.cpp, line 759]
Event: 2.292 Thread 0x000001e46a4d3910 Exception <a 'java/lang/NoSuchMethodError'{0x000000008ca57810}: 'java.lang.Object java.lang.invoke.DirectMethodHandle$Holder.invokeSpecial(java.lang.Object, java.lang.Object, java.lang.Object, java.lang.Object, java.lang.Object, java.lang.Object, java.lang.Object, java.lang.Object, java.lang.Object, java.lang.Object)'> (0x000000008ca57810) 
thrown [s\src\hotspot\share\interpreter\linkResolver.cpp, line 759]
Event: 2.292 Thread 0x000001e46a4d3910 Exception <a 'java/lang/NoSuchMethodError'{0x000000008ca5c0e0}: 'java.lang.Object java.lang.invoke.Invokers$Holder.invoker(java.lang.Object, java.lang.Object, java.lang.Object, java.lang.Object, java.lang.Object, java.lang.Object, java.lang.Object, java.lang.Object, java.lang.Object, java.lang.Object)'> (0x000000008ca5c0e0) 
thrown [s\src\hotspot\share\interpreter\linkResolver.cpp, line 759]
Event: 2.292 Thread 0x000001e46a4d3910 Exception <a 'java/lang/NoSuchMethodError'{0x000000008ca61c68}: 'java.lang.Object java.lang.invoke.DirectMethodHandle$Holder.invokeSpecial(java.lang.Object, java.lang.Object, java.lang.Object, java.lang.Object, java.lang.Object, java.lang.Object, java.lang.Object, java.lang.Object, java.lang.Object, java.lang.Object, java.lang.Object)'> (0x000000008ca61c68) 
thrown [s\src\hotspot\share\interpreter\linkResolver.cpp, line 759]
Event: 2.386 Thread 0x000001e46a4d3910 Exception <a 'java/lang/NoSuchMethodError'{0x000000008c437d08}: 'void java.lang.invoke.DirectMethodHandle$Holder.invokeStaticInit(java.lang.Object)'> (0x000000008c437d08) 
thrown [s\src\hotspot\share\interpreter\linkResolver.cpp, line 759]
Event: 2.399 Thread 0x000001e46a4d3910 Exception <a 'java/lang/NoSuchMethodError'{0x000000008c4e75c0}: 'java.lang.Object java.lang.invoke.DirectMethodHandle$Holder.newInvokeSpecial(java.lang.Object, java.lang.Object, java.lang.Object, int)'> (0x000000008c4e75c0) 
thrown [s\src\hotspot\share\interpreter\linkResolver.cpp, line 759]
Event: 2.400 Thread 0x000001e46a4d3910 Exception <a 'java/lang/NoSuchMethodError'{0x000000008c4ebef0}: 'java.lang.Object java.lang.invoke.DirectMethodHandle$Holder.invokeSpecial(java.lang.Object, java.lang.Object, java.lang.Object, java.lang.Object, int)'> (0x000000008c4ebef0) 
thrown [s\src\hotspot\share\interpreter\linkResolver.cpp, line 759]
Event: 2.400 Thread 0x000001e46a4d3910 Exception <a 'java/lang/NoSuchMethodError'{0x000000008c4f0008}: 'java.lang.Object java.lang.invoke.Invokers$Holder.linkToTargetMethod(java.lang.Object, java.lang.Object, int, java.lang.Object)'> (0x000000008c4f0008) 
thrown [s\src\hotspot\share\interpreter\linkResolver.cpp, line 759]
Event: 2.554 Thread 0x000001e46b616c40 Exception <a 'java/lang/NoSuchMethodError'{0x000000008d739c50}: static Lorg/gradle/internal/build/event/types/DefaultOperationStartedProgressEvent;.<clinit>()V> (0x000000008d739c50) 
thrown [s\src\hotspot\share\prims\jni.cpp, line 1112]
Event: 2.554 Thread 0x000001e46b616c40 Exception <a 'java/lang/NoSuchMethodError'{0x000000008d73bd18}: static Lorg/gradle/internal/build/event/types/AbstractProgressEvent;.<clinit>()V> (0x000000008d73bd18) 
thrown [s\src\hotspot\share\prims\jni.cpp, line 1112]
Event: 2.556 Thread 0x000001e46b616c40 Exception <a 'java/lang/NoSuchMethodError'{0x000000008d744d68}: static Lorg/gradle/internal/build/event/types/DefaultOperationDescriptor;.<clinit>()V> (0x000000008d744d68) 
thrown [s\src\hotspot\share\prims\jni.cpp, line 1112]
Event: 2.558 Thread 0x000001e46b616c40 Exception <a 'java/lang/NoSuchMethodError'{0x000000008d75b600}: static Lorg/gradle/internal/operations/OperationIdentifier;.<clinit>()V> (0x000000008d75b600) 
thrown [s\src\hotspot\share\prims\jni.cpp, line 1112]

VM Operations (20 events):
Event: 1.411 Executing VM operation: HandshakeAllThreads
Event: 1.411 Executing VM operation: HandshakeAllThreads done
Event: 1.440 Executing VM operation: HandshakeAllThreads
Event: 1.440 Executing VM operation: HandshakeAllThreads done
Event: 1.506 Executing VM operation: HandshakeAllThreads
Event: 1.506 Executing VM operation: HandshakeAllThreads done
Event: 1.644 Executing VM operation: HandshakeAllThreads
Event: 1.644 Executing VM operation: HandshakeAllThreads done
Event: 1.920 Executing VM operation: HandshakeAllThreads
Event: 1.920 Executing VM operation: HandshakeAllThreads done
Event: 2.004 Executing VM operation: HandshakeAllThreads
Event: 2.005 Executing VM operation: HandshakeAllThreads done
Event: 2.214 Executing VM operation: ICBufferFull
Event: 2.214 Executing VM operation: ICBufferFull done
Event: 2.272 Executing VM operation: HandshakeAllThreads
Event: 2.272 Executing VM operation: HandshakeAllThreads done
Event: 2.504 Executing VM operation: HandshakeAllThreads
Event: 2.504 Executing VM operation: HandshakeAllThreads done
Event: 2.505 Executing VM operation: HandshakeAllThreads
Event: 2.505 Executing VM operation: HandshakeAllThreads done

Memory protections (0 events):
No events

Nmethod flushes (0 events):
No events

Events (20 events):
Event: 0.041 Thread 0x000001e44681f8c0 Thread added: 0x000001e469012d50
Event: 0.041 Thread 0x000001e44681f8c0 Thread added: 0x000001e469017b70
Event: 0.041 Thread 0x000001e44681f8c0 Thread added: 0x000001e469018ff0
Event: 0.060 Thread 0x000001e44681f8c0 Thread added: 0x000001e46911daf0
Event: 0.104 Thread 0x000001e44681f8c0 Thread added: 0x000001e4691fc080
Event: 0.206 Thread 0x000001e469017b70 Thread added: 0x000001e46925a1d0
Event: 0.245 Thread 0x000001e469017b70 Thread added: 0x000001e4695cf510
Event: 1.459 Thread 0x000001e44681f8c0 Thread added: 0x000001e46a961390
Event: 1.889 Thread 0x000001e44681f8c0 Thread added: 0x000001e46b7bebd0
Event: 1.973 Thread 0x000001e44681f8c0 Thread added: 0x000001e46b237020
Event: 2.061 Thread 0x000001e46b7bebd0 Thread added: 0x000001e46b6ce780
Event: 2.062 Thread 0x000001e46b6ce780 Thread added: 0x000001e46a96d160
Event: 2.084 Thread 0x000001e46b6ce780 Thread added: 0x000001e46bcf5710
Event: 2.092 Thread 0x000001e46b6ce780 Thread added: 0x000001e46a4d3910
Event: 2.102 Thread 0x000001e46a4d3910 Thread added: 0x000001e46b616730
Event: 2.103 Thread 0x000001e46a4d3910 Thread added: 0x000001e46b617150
Event: 2.105 Thread 0x000001e46a4d3910 Thread added: 0x000001e46b616c40
Event: 2.199 Thread 0x000001e4695cf510 Thread exited: 0x000001e4695cf510
Event: 2.397 Thread 0x000001e46a4d3910 Thread added: 0x000001e46b616220
Event: 2.420 Thread 0x000001e46a4d3910 Thread added: 0x000001e46b6139a0


Dynamic libraries:
0x00007ff7b41e0000 - 0x00007ff7b41ee000 	C:\Program Files\Microsoft\jdk-17.0.18.8-hotspot\bin\java.exe
0x00007ffc7c640000 - 0x00007ffc7c8a6000 	C:\WINDOWS\SYSTEM32\ntdll.dll
0x00007ffc7b320000 - 0x00007ffc7b3e9000 	C:\WINDOWS\System32\KERNEL32.DLL
0x00007ffc79f60000 - 0x00007ffc7a35e000 	C:\WINDOWS\System32\KERNELBASE.dll
0x00007ffc79b30000 - 0x00007ffc79c7c000 	C:\WINDOWS\System32\ucrtbase.dll
0x00007ffc13330000 - 0x00007ffc13348000 	C:\Program Files\Microsoft\jdk-17.0.18.8-hotspot\bin\jli.dll
0x00007ffc11cb0000 - 0x00007ffc11cce000 	C:\Program Files\Microsoft\jdk-17.0.18.8-hotspot\bin\VCRUNTIME140.dll
0x00007ffc7c390000 - 0x00007ffc7c557000 	C:\WINDOWS\System32\USER32.dll
0x00007ffc616d0000 - 0x00007ffc61962000 	C:\WINDOWS\WinSxS\amd64_microsoft.windows.common-controls_6595b64144ccf1df_6.0.26100.8875_none_3e0d5d42e32fe9dd\COMCTL32.dll
0x00007ffc79910000 - 0x00007ffc79937000 	C:\WINDOWS\System32\win32u.dll
0x00007ffc7b150000 - 0x00007ffc7b1f9000 	C:\WINDOWS\System32\msvcrt.dll
0x00007ffc7b3f0000 - 0x00007ffc7b41b000 	C:\WINDOWS\System32\GDI32.dll
0x00007ffc79a00000 - 0x00007ffc79b2a000 	C:\WINDOWS\System32\gdi32full.dll
0x00007ffc79860000 - 0x00007ffc79903000 	C:\WINDOWS\System32\msvcp_win.dll
0x00007ffc7bad0000 - 0x00007ffc7bb02000 	C:\WINDOWS\System32\IMM32.DLL
0x00007ffc101e0000 - 0x00007ffc101ec000 	C:\Program Files\Microsoft\jdk-17.0.18.8-hotspot\bin\vcruntime140_1.dll
0x00007ffbbcbf0000 - 0x00007ffbbcc79000 	C:\Program Files\Microsoft\jdk-17.0.18.8-hotspot\bin\msvcp140.dll
0x00007ffb78ae0000 - 0x00007ffb7975a000 	C:\Program Files\Microsoft\jdk-17.0.18.8-hotspot\bin\server\jvm.dll
0x00007ffc7aa90000 - 0x00007ffc7ab47000 	C:\WINDOWS\System32\ADVAPI32.dll
0x00007ffc7c2e0000 - 0x00007ffc7c38a000 	C:\WINDOWS\System32\sechost.dll
0x00007ffc7b200000 - 0x00007ffc7b318000 	C:\WINDOWS\System32\RPCRT4.dll
0x00007ffc7ba40000 - 0x00007ffc7bac0000 	C:\WINDOWS\System32\WS2_32.dll
0x00007ffc70890000 - 0x00007ffc7089b000 	C:\WINDOWS\SYSTEM32\VERSION.dll
0x00007ffc64cb0000 - 0x00007ffc64ce6000 	C:\WINDOWS\SYSTEM32\WINMM.dll
0x00007ffc786e0000 - 0x00007ffc7873e000 	C:\WINDOWS\SYSTEM32\POWRPROF.dll
0x00007ffc786c0000 - 0x00007ffc786d4000 	C:\WINDOWS\SYSTEM32\UMPDC.dll
0x00007ffc78570000 - 0x00007ffc7858b000 	C:\WINDOWS\SYSTEM32\kernel.appcore.dll
0x00007ffc101d0000 - 0x00007ffc101da000 	C:\Program Files\Microsoft\jdk-17.0.18.8-hotspot\bin\jimage.dll
0x00007ffc64920000 - 0x00007ffc64b62000 	C:\WINDOWS\SYSTEM32\DBGHELP.DLL
0x00007ffc7a610000 - 0x00007ffc7a993000 	C:\WINDOWS\System32\combase.dll
0x00007ffc7b960000 - 0x00007ffc7ba39000 	C:\WINDOWS\System32\OLEAUT32.dll
0x00007ffc669f0000 - 0x00007ffc66a2b000 	C:\WINDOWS\SYSTEM32\dbgcore.DLL
0x00007ffc79d20000 - 0x00007ffc79dcc000 	C:\WINDOWS\System32\bcryptPrimitives.dll
0x00007ffc101c0000 - 0x00007ffc101cf000 	C:\Program Files\Microsoft\jdk-17.0.18.8-hotspot\bin\instrument.dll
0x00007ffbf5210000 - 0x00007ffbf5236000 	C:\Program Files\Microsoft\jdk-17.0.18.8-hotspot\bin\java.dll
0x00007ffbbb9a0000 - 0x00007ffbbba76000 	C:\Program Files\Microsoft\jdk-17.0.18.8-hotspot\bin\jsvml.dll
0x00007ffc7bb40000 - 0x00007ffc7c2d2000 	C:\WINDOWS\System32\SHELL32.dll
0x00007ffc772d0000 - 0x00007ffc77b62000 	C:\WINDOWS\SYSTEM32\windows.storage.dll
0x00007ffc7a510000 - 0x00007ffc7a607000 	C:\WINDOWS\System32\SHCORE.dll
0x00007ffc7a9b0000 - 0x00007ffc7aa17000 	C:\WINDOWS\System32\shlwapi.dll
0x00007ffc79780000 - 0x00007ffc797a9000 	C:\WINDOWS\SYSTEM32\profapi.dll
0x00007ffbf5c50000 - 0x00007ffbf5c68000 	C:\Program Files\Microsoft\jdk-17.0.18.8-hotspot\bin\zip.dll
0x00007ffbf5890000 - 0x00007ffbf58ab000 	C:\Program Files\Microsoft\jdk-17.0.18.8-hotspot\bin\net.dll
0x00007ffc72150000 - 0x00007ffc72277000 	C:\WINDOWS\SYSTEM32\WINHTTP.dll
0x00007ffc78bb0000 - 0x00007ffc78c1c000 	C:\WINDOWS\system32\mswsock.dll
0x00007ffbf4d40000 - 0x00007ffbf4d56000 	C:\Program Files\Microsoft\jdk-17.0.18.8-hotspot\bin\nio.dll
0x00007ffc0fd30000 - 0x00007ffc0fd40000 	C:\Program Files\Microsoft\jdk-17.0.18.8-hotspot\bin\verify.dll
0x00007ffbf52d0000 - 0x00007ffbf52f7000 	D:\gradle_cache\native\c067742578af261105cb4f569cf0c3c89f3d7b1fecec35dd04571415982c5e48\windows-amd64\native-platform.dll
0x00007ffbbb850000 - 0x00007ffbbb994000 	D:\gradle_cache\native\38dada09dfb8b06ba9b0570ebf7e218e3eb74d4ef43ca46872605cf95ebc2f47\windows-amd64\native-platform-file-events.dll
0x00007ffbf8a10000 - 0x00007ffbf8a1a000 	C:\Program Files\Microsoft\jdk-17.0.18.8-hotspot\bin\management.dll
0x00007ffbf8610000 - 0x00007ffbf861c000 	C:\Program Files\Microsoft\jdk-17.0.18.8-hotspot\bin\management_ext.dll
0x00007ffc7b950000 - 0x00007ffc7b958000 	C:\WINDOWS\System32\PSAPI.DLL
0x00007ffc78fe0000 - 0x00007ffc78ffb000 	C:\WINDOWS\SYSTEM32\CRYPTSP.dll
0x00007ffc784d0000 - 0x00007ffc78509000 	C:\WINDOWS\system32\rsaenh.dll
0x00007ffc78c70000 - 0x00007ffc78ca2000 	C:\WINDOWS\SYSTEM32\USERENV.dll
0x00007ffc79750000 - 0x00007ffc7977a000 	C:\WINDOWS\SYSTEM32\bcrypt.dll
0x00007ffc78e20000 - 0x00007ffc78e2c000 	C:\WINDOWS\SYSTEM32\CRYPTBASE.dll
0x00007ffc77ea0000 - 0x00007ffc77ed3000 	C:\WINDOWS\SYSTEM32\IPHLPAPI.DLL
0x00007ffc7a370000 - 0x00007ffc7a37a000 	C:\WINDOWS\System32\NSI.dll
0x00007ffc72f20000 - 0x00007ffc72f3d000 	C:\WINDOWS\SYSTEM32\dhcpcsvc6.DLL
0x00007ffc72120000 - 0x00007ffc72145000 	C:\WINDOWS\SYSTEM32\dhcpcsvc.DLL
0x00007ffc77f30000 - 0x00007ffc78086000 	C:\WINDOWS\SYSTEM32\DNSAPI.dll
0x00007ffc789b0000 - 0x00007ffc789bd000 	C:\WINDOWS\SYSTEM32\DSPARSE.dll
0x00007ffbf6750000 - 0x00007ffbf6759000 	C:\Program Files\Microsoft\jdk-17.0.18.8-hotspot\bin\extnet.dll
0x00007ffbf6720000 - 0x00007ffbf672e000 	C:\Program Files\Microsoft\jdk-17.0.18.8-hotspot\bin\sunmscapi.dll
0x00007ffc79de0000 - 0x00007ffc79f58000 	C:\WINDOWS\System32\CRYPT32.dll
0x00007ffc79150000 - 0x00007ffc79180000 	C:\WINDOWS\SYSTEM32\ncrypt.dll
0x00007ffc79100000 - 0x00007ffc7913f000 	C:\WINDOWS\SYSTEM32\NTASN1.dll
0x00007ffbfbaf0000 - 0x00007ffbfbaf8000 	C:\WINDOWS\system32\wshunix.dll

dbghelp: loaded successfully - version: 4.0.5 - missing functions: none
symbol engine: initialized successfully - sym options: 0x614 - pdb path: .;C:\Program Files\Microsoft\jdk-17.0.18.8-hotspot\bin;C:\WINDOWS\SYSTEM32;C:\WINDOWS\WinSxS\amd64_microsoft.windows.common-controls_6595b64144ccf1df_6.0.26100.8875_none_3e0d5d42e32fe9dd;C:\Program Files\Microsoft\jdk-17.0.18.8-hotspot\bin\server;D:\gradle_cache\native\c067742578af261105cb4f569cf0c3c89f3d7b1fecec35dd04571415982c5e48\windows-amd64;D:\gradle_cache\native\38dada09dfb8b06ba9b0570ebf7e218e3eb74d4ef43ca46872605cf95ebc2f47\windows-amd64

VM Arguments:
jvm_args: --add-opens=java.base/java.util=ALL-UNNAMED --add-opens=java.base/java.lang=ALL-UNNAMED --add-opens=java.base/java.lang.invoke=ALL-UNNAMED --add-opens=java.prefs/java.util.prefs=ALL-UNNAMED --add-opens=java.base/java.nio.charset=ALL-UNNAMED --add-opens=java.base/java.net=ALL-UNNAMED --add-opens=java.base/java.util.concurrent.atomic=ALL-UNNAMED -Xmx2048m -Dfile.encoding=UTF-8 -Duser.country=TR -Duser.language=tr -Duser.variant -javaagent:D:\gradle_cache\wrapper\dists\gradle-8.4-bin\1w5dpkrfk8irigvoxmyhowfim\gradle-8.4\lib\agents\gradle-instrumentation-agent-8.4.jar 
java_command: org.gradle.launcher.daemon.bootstrap.GradleDaemon 8.4
java_class_path (initial): D:\gradle_cache\wrapper\dists\gradle-8.4-bin\1w5dpkrfk8irigvoxmyhowfim\gradle-8.4\lib\gradle-launcher-8.4.jar
Launcher Type: SUN_STANDARD

[Global flags]
     intx CICompilerCount                          = 4                                         {product} {ergonomic}
     uint ConcGCThreads                            = 2                                         {product} {ergonomic}
     uint G1ConcRefinementThreads                  = 8                                         {product} {ergonomic}
   size_t G1HeapRegionSize                         = 1048576                                   {product} {ergonomic}
    uintx GCDrainStackTargetSize                   = 64                                        {product} {ergonomic}
   size_t InitialHeapSize                          = 266338304                                 {product} {ergonomic}
   size_t MarkStackSize                            = 4194304                                   {product} {ergonomic}
   size_t MaxHeapSize                              = 2147483648                                {product} {command line}
   size_t MaxNewSize                               = 1287651328                                {product} {ergonomic}
   size_t MinHeapDeltaBytes                        = 1048576                                   {product} {ergonomic}
   size_t MinHeapSize                              = 8388608                                   {product} {ergonomic}
    uintx NonNMethodCodeHeapSize                   = 5839372                                {pd product} {ergonomic}
    uintx NonProfiledCodeHeapSize                  = 122909434                              {pd product} {ergonomic}
    uintx ProfiledCodeHeapSize                     = 122909434                              {pd product} {ergonomic}
    uintx ReservedCodeCacheSize                    = 251658240                              {pd product} {ergonomic}
     bool SegmentedCodeCache                       = true                                      {product} {ergonomic}
   size_t SoftMaxHeapSize                          = 2147483648                             {manageable} {ergonomic}
     bool UseCompressedClassPointers               = true                           {product lp64_product} {ergonomic}
     bool UseCompressedOops                        = true                           {product lp64_product} {ergonomic}
     bool UseG1GC                                  = true                                      {product} {ergonomic}
     bool UseLargePagesIndividualAllocation        = false                                  {pd product} {ergonomic}

Logging:
Log output configuration:
 #0: stdout all=warning uptime,level,tags
 #1: stderr all=off uptime,level,tags

Environment Variables:
JAVA_HOME=C:\Program Files\Microsoft\jdk-17.0.18.8-hotspot\
PATH=C:\Program Files\Microsoft\jdk-17.0.18.8-hotspot\bin;C:\WINDOWS\system32;C:\WINDOWS;C:\WINDOWS\System32\Wbem;C:\WINDOWS\System32\WindowsPowerShell\v1.0\;C:\WINDOWS\System32\OpenSSH\;C:\Program Files\dotnet\;C:\Program Files\nodejs\;C:\ProgramData\chocolatey\bin;C:\Program Files\Amazon\AWSCLIV2\;C:\pgsql\bin;C:\ffmpeg\bin;C:\Program Files (x86)\Microsoft SQL Server\160\Tools\Binn\;C:\Program Files\Microsoft SQL Server\160\Tools\Binn\;C:\Program Files\Microsoft SQL Server\Client SDK\ODBC\170\Tools\Binn\;C:\Program Files\Microsoft SQL Server\160\DTS\Binn\;C:\Program Files\Microsoft SQL Server\170\DTS\Binn\;C:\Program Files\Microsoft SQL Server\150\Tools\Binn\;C:\Program Files\Microsoft SQL Server\130\DTS\Binn\;C:\Program Files\Microsoft SQL Server\140\DTS\Binn\;C:\Program Files\Microsoft SQL Server\150\DTS\Binn\;C:\poppler-25.07.0\Library\bin;C:\Program Files\Tesseract-OCR;C:\Program Files\cursor\resources\app\bin;C:\Program Files\Microsoft\jdk-17.0.18.8-hotspot\\bin;C:\ProgramData\chocolatey\lib\maven\apache-maven-3.9.11\bin;C:\Program Files\apache-maven-3.9.11\bin;C:\Program Files\Microsoft SQL Server\170\Tools\Binn\;C:\Program Files\Docker\Docker\resources\bin;C:\Program Files\Git\cmd;C:\Program Files\Git-Xet\;C:\Program Files\Microsoft\jdk-17.0.18.8-hotspot\bin;C:\WINDOWS\system32;C:\WINDOWS;C:\WINDOWS\System32\Wbem;C:\WINDOWS\System32\WindowsPowerShell\v1.0\;C:\WINDOWS\System32\OpenSSH\;C:\Program Files\dotnet\;C:\Program Files\nodejs\;C:\ProgramData\chocolatey\bin;C:\Program Files\Amazon\AWSCLIV2\;C:\pgsql\bin;C:\ffmpeg\bin;C:\Program Files (x86)\Microsoft SQL Server\160\Tools\Binn\;C:\Program Files\Microsoft SQL Server\160\Tools\Binn\;C:\Program Files\Microsoft SQL Server\Client SDK\ODBC\170\Tools\Binn\;C:\Program Files\Microsoft SQL Server\160\DTS\Binn\;C:\Program Files\Microsoft SQL Server\170\DTS\Binn\;C:\Program Files\Microsoft SQL Server\150\Tools\Binn\;C:\Program Files\Microsoft SQL Server\130\DTS\Binn\;C:\Program Files\Microsoft SQL Server\140\DTS\Binn\;C:\Program Files\Microsoft SQL Server\150\DTS\Binn\;C:\poppler-25.07.0\Library\bin;C:\Program Files\Tesseract-OCR;C:\Program Files\cursor\resources\app\bin;C:\Program Files\Microsoft\jdk-17.0.18.8-hotspot\\bin;C:\ProgramData\chocolatey\lib\maven\apache-maven-3.9.11\bin;C:\Program Files\apache-maven-3.9.11\bin;C:\Program Files\Microsoft SQL Server\170\Tools\Binn\;C:\Program Files\Docker\Docker\resources\bin;C:\Program Files\Git\cmd;C:\Program Files\Git-Xet\;C:\Users\erens\AppData\Local\Programs\Python\Python310\Scripts\;C:\Users\erens\AppData\Local\Programs\Python\Python310\;C:\Users\erens\AppData\Local\Programs\Python\Python313\Scripts\;C:\Users\erens\AppData\Local\Programs\Python\Python313\;C:\Users\erens\AppData\Local\Microsoft\WindowsApps;C:\Users\erens\AppData\Local\Programs\Microsoft VS Code\bin;C:\Users\erens\AppData\Roaming\npm;C:\Users\erens\AppData\Local\Programs\cursor\resources\app\bin;C:\Users\erens\AppData\Local\Programs\Ollama;C:\Users\erens\.dotnet\tools;C:\Program Files\poppler-25.07.0\Library\bin;C:\Program Files\JetBrains\IntelliJ IDEA Community Edition 2025.2.5\bin;C:\Users\erens\AppData\Local\Programs\Antigravity\bin;C:\tools\flutter\bin;C:\Users\erens\AppData\AndroidCLI;C:\Users\erens\AppData\Local\Programs\Python\Python311\Scripts;C:\Users\erens\AppData\Local\Programs\Python\Python311\Scripts;C:\Users\erens\AppData\Local\Microsoft\WinGet\Links;D:\npm_global\node_modules\@anthropic-ai\claude-code\bin;D:\Antigravity IDE\bin;C:\Users\erens\AppData\Local\Programs\Antigravity IDE\bin
USERNAME=erens
OS=Windows_NT
PROCESSOR_IDENTIFIER=Intel64 Family 6 Model 165 Stepping 2, GenuineIntel
TMP=D:\temp
TEMP=D:\temp



Periodic native trim disabled


---------------  S Y S T E M  ---------------

OS:
 Windows 11 , 64 bit Build 26100 (10.0.26100.8875)
OS uptime: 0 days 3:30 hours
Hyper-V role detected

CPU: total 8 (initial active 8) (4 cores per cpu, 2 threads per core) family 6 model 165 stepping 2 microcode 0xe0, cx8, cmov, fxsr, ht, mmx, 3dnowpref, sse, sse2, sse3, ssse3, sse4.1, sse4.2, popcnt, lzcnt, tsc, tscinvbit, avx, avx2, aes, erms, clmul, bmi1, bmi2, adx, fma, vzeroupper, clflush, clflushopt, hv
Processor Information for the first 8 processors :
  Max Mhz: 2400, Current Mhz: 2400, Mhz Limit: 2400

Memory: 4k page, system-wide physical 16173M (1020M free)
TotalPageFile size 22330M (AvailPageFile size 9M)
current process WorkingSet (physical memory assigned to process): 188M, peak: 190M
current process commit charge ("private bytes"): 415M, peak: 417M

vm_info: OpenJDK 64-Bit Server VM (17.0.18+8-LTS) for windows-amd64 JRE (17.0.18+8-LTS), built on Jan 15 2026 18:50:45 by "MicrosoftCorporation" with MS VC++ 17.14 (VS2022)

END.
